year,country,"Net bilateral aid flows from DAC donors, Australia (current US$)","Net bilateral aid flows from DAC donors, Austria (current US$)","Net bilateral aid flows from DAC donors, Belgium (current US$)","Net bilateral aid flows from DAC donors, Canada (current US$)","Net bilateral aid flows from DAC donors, European Union institutions (current US$)","Net bilateral aid flows from DAC donors, Switzerland (current US$)","Net bilateral aid flows from DAC donors, Czechia (current US$)","Net bilateral aid flows from DAC donors, Germany (current US$)","Net bilateral aid flows from DAC donors, Denmark (current US$)","Net bilateral aid flows from DAC donors, Spain (current US$)","Net bilateral aid flows from DAC donors, Finland (current US$)","Net bilateral aid flows from DAC donors, France (current US$)","Net bilateral aid flows from DAC donors, United Kingdom (current US$)","Net bilateral aid flows from DAC donors, Greece (current US$)","Net bilateral aid flows from DAC donors, Hungary (current US$)","Net bilateral aid flows from DAC donors, Ireland (current US$)","Net bilateral aid flows from DAC donors, Iceland (current US$)","Net bilateral aid flows from DAC donors, Italy (current US$)","Net bilateral aid flows from DAC donors, Japan (current US$)","Net bilateral aid flows from DAC donors, Korea, Rep. (current US$)","Net bilateral aid flows from DAC donors, Luxembourg (current US$)","Net bilateral aid flows from DAC donors, Netherlands (current US$)","Net bilateral aid flows from DAC donors, Norway (current US$)","Net bilateral aid flows from DAC donors, New Zealand (current US$)","Net bilateral aid flows from DAC donors, Poland (current US$)","Net bilateral aid flows from DAC donors, Portugal (current US$)","Net bilateral aid flows from DAC donors, Slovak Republic (current US$)","Net bilateral aid flows from DAC donors, Slovenia (current US$)","Net bilateral aid flows from DAC donors, Sweden (current US$)","Net bilateral aid flows from DAC donors, Total (current US$)","Net bilateral aid flows from DAC donors, United States (current US$)","Net official flows from UN agencies, FAO (current US$)","Net official flows from UN agencies, IAEA (current US$)","Net official flows from UN agencies, IFAD (current US$)","Net official flows from UN agencies, ILO (current US$)","Net official flows from UN agencies, UNAIDS (current US$)","Net official flows from UN agencies, UNICEF (current US$)","Net official flows from UN agencies, UNHCR (current US$)","Net official flows from UN agencies, UNDP (current US$)","Net official flows from UN agencies, UNECE (current US$)","Net official flows from UN agencies, UNEP (current US$)","Net official flows from UN agencies, UNFPA (current US$)","Net official flows from UN agencies, UNPBF (current US$)","Net official flows from UN agencies, UNRWA (current US$)","Net official flows from UN agencies, UNTA (current US$)","Net official flows from UN agencies, UNWTO (current US$)","Net official flows from UN agencies, WFP (current US$)","Net official flows from UN agencies, WHO (current US$)",Net official development assistance and official aid received (current US$),Net official development assistance and official aid received (constant 2021 US$),Net ODA received (% of gross capital formation),Net official development assistance received (constant 2021 US$),"Net ODA received (% of imports of goods, services and primary income)"
2016,EAP,1290610008.40366,19240000.2349168,15139999.8981506,77070002.4440885,599150006.86422,195809998.294339,4680000.11146069,1481580004.84668,22459999.7140467,-46220000.5557388,38280000.301078,319879995.502532,278639991.857111,0.0,8919999.97012317,15440000.3105402,0.0,-4619999.81664121,-103219927.936792,481510004.21308,28540000.2375245,-6099999.60847199,120259999.968112,282340005.354956,-15559999.2051721,23539999.846369,200000.001117587,0.0,81070000.0487268,6340960102.18748,1132140010.88962,0.0,4641511.16460562,88936660.7023403,19287509.9107623,6982772.14937843,64646997.7246597,13896064.2814636,34215515.431948,0.0,0.0,25012137.144804,6197989.94064331,0.0,0.0,70107.4860990047,10185232.8814566,56140615.6755984,7720130126.95313,8214610124.58801,0.140210298818456,8874520098.68622,0.237676717693654
2016,EAS,1304860008.40366,19240000.2349168,15139999.8981506,77070002.4440885,599160006.863996,195809998.294339,4680000.11146069,1481580004.84668,22459999.7140467,-46220000.5557388,38280000.301078,319879995.502532,278639991.857111,0.0,8919999.97012317,15440000.3105402,0.0,-4419999.81366098,-101029927.879572,481860004.207119,28540000.2375245,-6099999.60847199,120259999.968112,283320005.374029,-15559999.2051721,23539999.846369,200000.001117587,0.0,81070000.0487268,6358940102.26056,1132140010.88962,0.0,4641511.16460562,88936660.7023403,19287509.9107623,6982772.14937843,64646997.7246597,13896064.2814636,34215515.431948,0.0,0.0,25012137.144804,6197989.94064331,0.0,0.0,70107.4860990047,10185232.8814566,56154213.3754119,7720130126.95313,8214610124.58801,0.0987387824543792,8900540099.14398,0.116029472611209
2016,ECA,920000.001788139,125220001.414418,70800002.8207898,51960000.7329136,4577219885.46848,240489999.748766,19899999.9538064,808849995.732307,30160000.5012006,25589999.8117238,25310000.570491,240869999.76635,204969993.010163,9349999.5470047,19060000.3283471,7060000.18492341,449999.984353781,91029998.159036,525459985.107183,52449998.4644353,13370000.0569224,119240003.96207,46549999.8703599,9999.99977648258,61400000.0432134,160000.016912818,5500000.03166497,14420000.0874698,135420000.592247,8206169855.91501,668389990.091324,0.0,5503315.34305587,22906922.7874279,3315840.01146257,2090382.08890706,21167057.8718185,30144699.677825,13946158.7965488,126000.003889203,0.0,8409343.80888939,6320097.10371494,0.0,0.0,608.647591434419,10584714.204073,13062979.2958498,9732459959.98383,10493259958.2672,2.49157513311875,11088950292.5873,1.94030032454444
2016,ECS,920000.001788139,125220001.414418,70800002.8207898,51960000.7329136,4577219885.46848,240489999.748766,19899999.9538064,808849995.732307,30160000.5012006,25589999.8117238,25310000.570491,240869999.76635,204969993.010163,9349999.5470047,19060000.3283471,7060000.18492341,449999.984353781,91029998.159036,525459985.107183,52449998.4644353,13370000.0569224,119240003.96207,46549999.8703599,9999.99977648258,61400000.0432134,160000.016912818,5500000.03166497,14420000.0874698,135420000.592247,8206169855.91501,668389990.091324,0.0,5503315.34305587,22906922.7874279,3315840.01146257,2090382.08890706,21167057.8718185,30144699.677825,13946158.7965488,126000.003889203,0.0,8409343.80888939,6320097.10371494,0.0,0.0,608.647591434419,10584714.204073,13062979.2958498,9732459959.98383,10493259958.2672,0.223891928342726,11088950292.5873,0.0981979099228841
2016,LAC,7100000.05923212,28379999.9952316,79530000.5935133,349340002.834797,1030939995.71353,218170001.501217,729999.996721745,1395760006.28434,31220000.3862381,2233639884.56503,12760000.0854582,862160002.680495,331779999.570921,99999.9977648258,879999.980330467,11320000.1716614,270000.003278255,33710000.2989173,76529999.1667271,138179999.163374,24519999.6829033,13009999.9308586,204639998.886734,3510000.00908971,289999.997243285,4209999.89658594,549999.993294477,129999.997094274,114409998.746589,8980779884.19868,1772879994.01242,0.0,14284334.5031142,35914762.4708712,28799109.5045581,9181632.39018759,31571741.3425446,26072611.5703583,14013713.4788092,0.0,1297841.97360277,20118749.0969896,358806.990087032,0.0,0.0,554440.430365503,17816104.7287285,35731506.6154115,10945790217.3996,11806109993.9346,1.28297117876845,12476639847.7554,0.970190776264688
2016,LCN,7740000.04865229,29009999.9960512,79700000.5897135,353450002.908707,1091089994.13997,218750001.503155,789999.99538064,1536620004.62785,31220000.3862381,2238379884.63789,13110000.0962615,876000002.484769,345189999.239519,139999.996870756,889999.98010695,11320000.1716614,270000.003278255,34880000.2783537,78289999.216795,137829999.13767,24629999.6823072,13009999.9308586,208319998.953491,4750000.01862645,289999.997243285,4549999.89643693,549999.993294477,129999.997094274,114629998.745397,9255579880.5207,1799919993.86996,0.0,15679214.7383094,34212478.4477055,31080759.4740763,9916655.27288569,37583755.6123734,36327082.157135,15577199.5407995,0.0,1297841.97360277,21750074.6846199,358806.990087032,0.0,0.0,554440.430365503,18445315.7372773,35731506.6154115,11188710220.0389,12071740000.0095,1.10938532940064,12864329847.0974,0.814269408853729
2016,LMY,2268800048.82813,985609985.351563,1426260009.76563,2629709960.9375,16727810546.875,2771979980.46875,71340003.9672852,19495449218.75,1653770019.53125,2538409912.10938,638090026.855469,5552720214.84375,11281009765.625,159059997.558594,54750000.0,427019989.013672,47680000.3051758,2418089843.75,7043009765.625,1548479980.46875,274730010.986328,3157600097.65625,3447520019.53125,322820007.324219,148990005.493164,124430000.305176,25689998.626709,27809999.4659424,3450989990.23438,119179148618.827,28441699218.75,0.0,69958938.5986328,509628662.109375,237149810.791016,184743759.155273,1434254028.32031,492859344.482422,375289154.052734,13970700.2639771,79252265.9301758,256361267.089844,46580661.7736816,716534057.617188,0.0,13001314.163208,305725463.867188,533313171.386719,158025218750.0,167453437500.0,1.87751923747329,178111906250.0,2.47405626188786
2016,MEA,68030001.6850233,52030001.103878,118009996.220469,301569999.448955,2973739984.51233,174719998.86632,11510000.1469254,2876769991.9939,134100002.869964,63119997.9186058,53840001.0019541,1096800015.62834,1348420006.81162,979999.987408519,7160000.05975366,29849999.7723848,5849999.85806644,140729998.230934,1070439982.62286,82280000.6642938,19550000.0715256,212690000.984818,406100000.321865,4870000.11093915,12600000.3553927,14930000.0853837,769999.995827675,729999.987408519,257820002.183318,14525649976.7862,2984239993.30401,0.0,3943587.05356717,10504115.7454252,12667489.9198115,3100142.56462455,36275158.3456993,46836859.3640625,12217532.8582525,0.0,0.0,17364684.3731403,-4393693.09169706,716534053.80249,0.0,467637.062072754,64270416.893065,40202219.0988064,26468600036.6211,26552760192.8711,2.93597341499728,28077009567.2607,2.06725716368909
2016,MIC,1366040039.0625,240330001.831055,394250000.0,938669982.910156,10940509765.625,966890014.648438,36590000.1525879,6541729980.46875,332970001.220703,2208239990.23438,188270004.272461,3257570068.35938,3587580078.125,10519999.5040894,40860000.6103516,117709999.084473,2190000.05722046,310010009.765625,3616699951.17188,980450012.207031,118419998.168945,417440002.441406,788900024.414063,191630004.882813,86050003.0517578,59520000.4577637,9519999.50408936,15409999.8474121,776409973.144531,48882290100.3845,10325450195.3125,0.0,34522415.1611328,348704528.808594,54293159.4848633,39846817.0166016,443671295.166016,167453689.575195,160823669.433594,13970700.2639771,0.0,128850631.713867,26629915.2374268,680025695.800781,0.0,457910.32910347,111428627.01416,137568710.327148,65372410156.25,70251820312.5,0.803815950543315,76279218750.0,1.06867559202921
2016,MNA,68030001.6850233,52030001.103878,118009996.220469,301569999.448955,2973739984.51233,174719998.86632,11510000.1469254,2876769991.9939,134100002.869964,63119997.9186058,53840001.0019541,1096800015.62834,1348420006.81162,979999.987408519,7160000.05975366,29849999.7723848,5849999.85806644,140729998.230934,1070439982.62286,82280000.6642938,19550000.0715256,212690000.984818,406100000.321865,4870000.11093915,12600000.3553927,14930000.0853837,769999.995827675,729999.987408519,257820002.183318,14525649976.7862,2984239993.30401,0.0,3943587.05356717,10504115.7454252,12667489.9198115,3100142.56462455,36275158.3456993,46836859.3640625,12217532.8582525,0.0,0.0,17364684.3731403,-4393693.09169706,716534053.80249,0.0,467637.062072754,64270416.893065,40202219.0988064,26468600036.6211,26552760192.8711,6.72069945608795,28077009567.2607,6.62474786627555
2016,SAS,164639996.528625,13750000.089407,11629999.8909235,209690002.866089,1116579994.6785,151080001.831055,3149999.9333173,973150009.719655,77920000.2271682,3760000.01654029,64470000.8332729,203629994.172603,1492549987.33103,0.0,3660000.00014901,6269999.85799193,579999.983310699,62780000.4575402,2052269997.00069,129350000.314415,10589999.8731911,108850000.835955,157429999.679327,7469999.99135733,649999.983608723,1110000.01430511,330000.001937151,89999.9979883432,158330001.240596,9749390002.0197,2562190014.67526,0.0,2290232.17409849,124939059.376717,6714979.97333063,2706411.28160059,171207560.896873,63225826.2634277,34790029.1979313,0.0,0.0,30414829.2541504,3776275.99239349,0.0,0.0,0.0,17467469.8412418,52595401.8831253,13996790145.874,14921130472.1832,1.60624418133707,15716150127.4109,2.08368520322219
2016,SSA,76089999.7204542,58269999.1781265,447569997.895509,955070006.359369,4846030022.21882,531490004.755557,6079999.99076128,2711330011.40505,447319997.385144,59310000.9225309,183680000.057444,1496899997.11886,3698250019.26906,179999.997839332,3900000.10095537,250819999.640808,14540000.0736117,305629999.561235,1378549985.46466,399219998.678193,121840001.150966,660139993.652701,619659993.33933,8109999.87833202,80080000.6594509,63470002.1985918,2439999.88399446,469999.995082617,827320000.186563,30132399984.1884,9878559953.45116,0.0,20699881.2267557,226427127.730101,38176009.7984225,38069409.6325897,540600756.704807,92235422.1642017,217715682.446957,0.0,73397422.7905273,118845194.786787,34321186.7269129,0.0,0.0,835016.939789057,158228002.782911,107726943.105459,44302510124.2065,47486430194.8547,12.2783402914302,50518070267.2005,9.94278047138797
2016,SSF,76359999.7311831,58269999.1781265,446259997.952729,955070006.359369,4852560022.42863,531490004.755557,6079999.99076128,2711340011.40483,447319997.385144,59310000.9225309,183680000.057444,1487699997.3096,3698420019.27085,179999.997839332,3900000.10095537,250819999.640808,14540000.0736117,305629999.561235,1379529985.48374,399229998.677969,121840001.150966,660139993.652701,619659993.33933,8219999.87773597,80080000.6594509,63470002.1985918,2439999.88399446,469999.995082617,827320000.186563,30129969984.6767,9878559953.45116,0.0,20892116.4432541,227140487.741679,38297799.7977287,38069409.6325897,540600756.704807,92235422.1642017,217801012.925804,0.0,73397422.7905273,118845194.786787,34321186.7269129,0.0,0.0,835016.939789057,158228002.782911,108398336.917162,44315230124.4736,47499980194.5686,12.2647636862163,50524560266.9716,9.9058256335942
2017,EAP,1342999977.72276,25430000.1692027,15340000.1749396,65460000.3454834,556680006.295443,168819998.767227,4129999.99336898,984950007.384643,42560000.4866719,-52629999.9132752,37079999.5809793,515600003.181025,304510002.26289,0.0,8680000.20831823,14880000.2224743,0.0,4149999.79361892,187110023.833811,505739996.677265,35340000.2345443,-5600000.28088689,102150000.90003,279800002.18749,-13899999.9277294,15909999.5791912,200000.001117587,0.0,93490000.4044175,6591090037.16893,1351980016.88719,10228988.1706238,5170950.32334328,74144595.7571268,23925849.8698473,3941199.99557734,64380410.6712341,17494510.3526115,29783422.417564,0.0,0.0,18326535.9997749,7667553.00760269,0.0,0.0,0.0,4939709.94651318,58063392.3448622,8414689969.53964,8666000048.16055,0.138315683487781,9304700106.14395,0.227880782049064
2017,EAS,1364349978.10423,25430000.1692027,15340000.1749396,65470000.3452599,556950006.306171,168819998.767227,4129999.99336898,984950007.384643,42560000.4866719,-52629999.9132752,37079999.5809793,515600003.181025,304510002.26289,0.0,8680000.20831823,14880000.2224743,0.0,4149999.79361892,187550023.831427,505879996.677861,35340000.2345443,-5600000.28088689,102150000.90003,281410002.201796,-13899999.9277294,15909999.5791912,200000.001117587,0.0,93490000.4044175,6614910037.57343,1351980016.88719,10228988.1706238,5170950.32334328,74144595.7571268,23925849.8698473,3941199.99557734,64380410.6712341,17494510.3526115,29839414.5961829,0.0,0.0,18326535.9997749,7667553.00760269,0.0,0.0,0.0,4939709.94651318,58135440.3011501,8414689969.53964,8666000048.16055,0.0989225936843692,9333030106.06766,0.11240308622687
2017,ECA,1260000.01654029,146340001.046658,10079999.8790026,39869998.767972,3492989906.66866,234620000.109077,20960000.0437349,1269970024.85394,44129999.3600696,56449997.4828213,28480000.0414252,508750009.192154,239520002.33531,14370000.3083795,11349999.7872859,15090000.3593415,629999.995231628,97009999.2249161,351149994.488806,80760000.7113069,11080000.1565367,11190000.0795722,61550000.410527,9999.99977648258,124679997.993633,12269999.8468161,5529999.89874661,18309999.7360259,148259998.874739,7821679921.519,756669989.943504,8355035.78186035,5986578.69081944,29889998.793602,3186279.9753435,1665599.98062439,25133929.9082756,36064630.0911903,12513175.200671,1039139.96799383,0.0,8720026.07584,2130477.94043086,0.0,0.0,0.0,2220699.93708283,10028246.6560602,9776500093.93692,10275830095.2911,2.320445089874,10902060050.9644,1.67751797117166
2017,ECS,1260000.01654029,146340001.046658,10079999.8790026,39869998.767972,3492989906.66866,234620000.109077,20960000.0437349,1269970024.85394,44129999.3600696,56449997.4828213,28480000.0414252,508750009.192154,239520002.33531,14370000.3083795,11349999.7872859,15090000.3593415,629999.995231628,97009999.2249161,351149994.488806,80760000.7113069,11080000.1565367,11190000.0795722,61550000.410527,9999.99977648258,124679997.993633,12269999.8468161,5529999.89874661,18309999.7360259,148259998.874739,7821679921.519,756669989.943504,8355035.78186035,5986578.69081944,29889998.793602,3186279.9753435,1665599.98062439,25133929.9082756,36064630.0911903,12513175.200671,1039139.96799383,0.0,8720026.07584,2130477.94043086,0.0,0.0,0.0,2220699.93708283,10028246.6560602,9776500093.93692,10275830095.2911,0.206351320324319,10902060050.9644,0.0895578643773612
2017,LAC,10959999.9729544,28009999.98115,66500000.6426126,365050006.464124,803179999.528453,194610000.275075,850000.005215406,990219997.925684,48410000.9091198,155360001.381487,7550000.07152557,651649993.533269,383470004.653558,109999.999403954,1019999.97533858,9840000.07249415,0.0,105579999.36305,-350119988.650084,176740002.362058,23060000.1905113,6930000.10214746,165789996.860549,4100000.02197921,299999.997019768,5839999.98308718,470000.011846423,0.0,114710000.129417,5913680001.44139,1943439985.67946,34627318.3822632,14197080.4594457,30355288.7290716,32186030.5881128,8083199.99318337,32027009.3753934,22078809.6189499,11723474.7800976,0.0,0.0,17866113.1188273,3424531.10218048,0.0,0.0,443918.377161026,13145370.2312429,37128139.3039972,8286339973.68813,8648330025.67291,0.885723585099292,9153519984.36451,0.656959432470966
2017,LCN,12009999.9736995,28789999.9879301,66700000.6455928,370290006.585419,826019999.204203,195830000.266433,1039999.99910593,1048619996.2981,52990000.8328259,194800001.019612,7640000.07510185,665599993.336946,391590004.54843,129999.998956919,1039999.97489154,9860000.07204711,0.0,107349999.373779,-347189988.642931,176690002.368763,23200000.1892447,6930000.10214746,170229997.029528,5210000.00275671,309999.99679625,6269999.98651445,470000.011846423,0.0,114830000.128597,6117820000.22567,1980519986.86045,34627318.3822632,15351257.0001185,28460884.2879534,35551080.5537924,8725499.97776514,38520009.405911,36328409.5525742,12853995.5485612,0.0,0.0,19369147.9191184,3424531.10218048,0.0,0.0,443918.377161026,13502670.2445466,40156249.0928918,8494269969.34414,8868480022.37082,0.773038833761021,9492899983.52528,0.556270253023058
2017,LMY,2383330078.125,599670043.945313,1295020019.53125,3098699951.17188,15991049804.6875,2337679931.64063,80400001.5258789,19759830078.125,1716309936.52344,644190002.441406,597869995.117188,6544449707.03125,11097379882.8125,84620002.746582,39299999.2370605,492630004.882813,54110000.6103516,2975179931.64063,8070989746.09375,1614939941.40625,303899993.896484,3533760009.76563,3123310058.59375,336880004.882813,222099990.844727,114040000.915527,35369998.9318848,24909999.8474121,3826119873.04688,120903670552.44,29894351562.5,436115753.173828,74976112.3657227,548682128.90625,265967468.261719,164482971.191406,1511022460.9375,507315856.933594,345007873.535156,14342929.8400879,0.0,213596160.888672,54115867.6147461,892903869.628906,0.0,12698455.8105469,285200958.251953,525309692.382813,164284218750.0,170794234375.0,1.76305713107913,181376750000.0,2.27028199930711
2017,MEA,100560002.619401,55689999.8169392,84879998.8403916,420830007.627606,2718010000.22888,187780001.342297,13010000.1264364,3258180017.53092,257939999.077469,93439998.164773,42029999.114573,1457749981.16493,1248569979.23926,1399999.97615814,7830000.04664063,25539999.7327477,3820000.03755093,354999993.264675,889719992.041588,88059998.8996983,22329999.4766712,238690001.189709,453499998.927116,9199999.94337559,76200000.1799315,5510000.15623868,2529999.97138977,750000.011175871,287149999.916554,15321680016.8362,2914960048.1689,26130997.6577759,3652959.04502273,27645430.2966595,13491449.8031139,2518600.02800822,37263729.5722961,30809209.9428177,10224681.6977859,0.0,0.0,14629961.4310265,1369477.98728943,892903842.926025,0.0,412467.5989151,51556469.9433744,44543818.9208508,28100299438.4766,27823039657.5928,3.0084450355846,29375450363.1592,2.05038650202374
2017,MIC,1520719970.70313,290730010.986328,271559997.558594,1005220031.73828,9616669921.875,951119995.117188,41790000.9155273,6675870117.1875,362279998.779297,216330001.831055,170929992.675781,4177859863.28125,3339939941.40625,15619999.8855591,32849998.4741211,123339996.337891,3230000.01907349,635849975.585938,4300149902.34375,1066229980.46875,121160003.662109,296209991.455078,784429992.675781,187509994.506836,130929992.675781,53790000.9155273,8840000.15258789,19539999.0081787,906070007.324219,48554000031.0056,11217860351.5625,13660593.9865112,36833889.0075684,359269500.732422,61816631.3171387,35589599.609375,448397735.595703,190808105.46875,139516738.891602,10230719.5663452,0.0,103917922.973633,18635034.5611572,852932617.1875,0.0,379213.154315948,109642440.795898,158705398.55957,66480953125.0,69897421875.0,0.738010748318149,75769812500.0,0.957810165396996
2017,MNA,100560002.619401,55689999.8169392,84879998.8403916,420830007.627606,2718010000.22888,187780001.342297,13010000.1264364,3258180017.53092,257939999.077469,93439998.164773,42029999.114573,1457749981.16493,1248569979.23926,1399999.97615814,7830000.04664063,25539999.7327477,3820000.03755093,354999993.264675,889719992.041588,88059998.8996983,22329999.4766712,238690001.189709,453499998.927116,9199999.94337559,76200000.1799315,5510000.15623868,2529999.97138977,750000.011175871,287149999.916554,15321680016.8362,2914960048.1689,26130997.6577759,3652959.04502273,27645430.2966595,13491449.8031139,2518600.02800822,37263729.5722961,30809209.9428177,10224681.6977859,0.0,0.0,14629961.4310265,1369477.98728943,892903842.926025,0.0,412467.5989151,51556469.9433744,44543818.9208508,28100299438.4766,27823039657.5928,6.74996425155916,29375450363.1592,6.57362830984372
2017,SAS,205730000.376701,20610000.308603,3649999.90165234,153219999.777153,1293699973.94085,148039998.054504,3020000.10758638,1267369983.35272,122649999.320507,6990000.19952655,48089999.3777275,321979991.344735,1293360048.80071,0.0,3069999.96490777,7310000.04149973,509999.990463257,75590001.2943894,3190630045.17555,98459999.3377924,11420000.0464916,105020002.581179,159310002.267361,8460000.16108155,2599999.97913837,2320000.06176531,939999.971538782,129999.998956919,186269997.147843,11028990019.1091,2287059976.20523,6489821.91085815,2478548.1095314,87011168.7332392,6317280.00938892,2060800.03082752,177535482.048988,16835649.728775,31365252.7332306,0.0,0.0,20908214.2859697,1878958.99824798,0.0,0.0,0.0,22656499.9297261,41148904.3235779,14985200000.7629,15831529922.4854,1.45843642143469,16552969860.0769,1.89787886717707
2017,SSA,152339999.726042,74269999.3923306,441360004.40456,1125520009.51394,5031530006.88553,504049997.111782,8550000.01005828,2938220002.51338,420299999.721348,137950001.074001,159690000.40926,1606230002.37346,3706510036.8727,299999.995157123,2930000.02764165,261129997.504875,14569999.8922646,342469995.809719,1572270022.57109,391480000.93177,127259999.684989,692609995.258972,734169999.16546,14879999.90955,21899999.4583428,54509999.4577467,3129999.99336898,429999.994114041,1019909993.6001,32786490077.9352,11225670014.6776,79088445.6634521,23041246.3662215,299635640.025139,39989620.3638054,33851200.1279742,549487650.096416,203752248.734236,204332434.127107,0.0,0.0,102217980.980873,37644868.4396455,0.0,0.0,752451.837062836,163794958.975166,119605853.617191,49548889845.8481,52175679691.3147,12.7133397738489,55481370318.4128,10.0932663373749
2017,SSF,153619999.697432,74269999.3923306,441370004.404336,1125680009.51037,5035010006.9046,504049997.111782,8550000.01005828,2938230002.51316,420299999.721348,137950001.074001,159690000.40926,1608530002.32577,3706950036.87032,299999.995157123,2930000.02764165,261129997.504875,14569999.8922646,342479995.809495,1577760022.34221,391480000.93177,127259999.684989,692609995.258972,734169999.16546,14879999.90955,21899999.4583428,54509999.4577467,3129999.99336898,429999.994114041,1019919993.59988,32799680077.6423,11225670014.6776,79088445.6634521,23300236.3261767,299876230.031252,40209310.3588559,33853300.1278993,549487650.096416,203752248.734236,204413976.663724,0.0,0.0,102217980.980873,37644868.4396455,0.0,0.0,752451.837062836,163794958.975166,120104738.295078,49572019846.4394,52200039690.9714,12.7024675675012,55499040318.4891,10.0559668275188
2018,EAP,1391170011.04727,29809999.9167025,47509999.0796298,82169999.9850243,730299995.243549,176079998.720437,4479999.98368323,1974479954.82385,44469999.4511902,-62840000.2755225,39179999.9475479,555529983.643442,323430008.370429,19999.9995529652,39670000.1172721,16679999.3868917,570000.004023314,18199999.3473291,-1165450012.50505,507639994.956553,44099999.692291,-8250000.03352761,87259999.9010563,396579999.115318,46430000.8509308,17389999.7994304,149999.996647239,59999.9986588955,99169999.1188943,6526159936.00898,1089990006.32763,7606005.32032549,14501919.1205502,72361111.6409302,20352643.2393119,3311468.64593029,69621394.6938515,16093721.8666077,20336227.8463319,0.0,0.0,20696989.8939133,7870839.3573761,0.0,0.0,0.0,9965005.99384308,46851978.1716168,8280039897.9187,8167589973.44971,0.11894779018468,8932640033.72192,0.196028784501557
2018,EAS,1414460011.9628,29809999.9167025,47509999.0796298,82169999.9850243,731809995.234013,176079998.720437,4479999.98368323,1974479954.82385,44469999.4511902,-62840000.2755225,39179999.9475479,555529983.643442,323430008.370429,19999.9995529652,39670000.1172721,16679999.3868917,570000.004023314,18249999.3480742,-1165150012.49313,507639994.956553,44099999.692291,-8250000.03352761,87259999.9010563,399689999.010414,46430000.8509308,17389999.7994304,149999.996647239,59999.9986588955,99169999.1188943,6554419936.82273,1089990006.32763,7606005.32032549,14501919.1205502,72361111.6409302,20352643.2393119,3311468.64593029,69621394.6938515,16093721.8666077,20336227.8463319,0.0,0.0,20696989.8939133,7870839.3573761,0.0,0.0,0.0,9965005.99384308,46864243.0212349,8280039897.9187,8167589973.44971,0.087270904891135,8973700035.09521,0.098529537418157
2018,ECA,700000.002980232,133930000.992492,12680000.0369549,32089999.0517646,2580409984.94625,217850001.968443,27329999.9143928,1040579997.18189,73390000.7754564,26169999.9663979,19650000.2034009,372720008.611679,181989997.446537,9100000.03501773,22459999.7475743,7839999.84152615,500000.0,95599998.2245266,217670006.677508,57469999.2854148,11000000.1452863,13460000.0455976,63709998.6821413,9999.99977648258,121190005.324781,6309999.77700412,4539999.99910593,19709999.8928607,156820001.343265,6290910006.34059,749380006.313324,4036012.5284642,9708725.36301613,28404236.7935181,11040005.098097,890011.616051197,23999782.7410698,16971613.1892055,8126188.63582611,0.0,0.0,10589880.0194263,5801331.91496134,0.0,0.0,0.0,261821.736072307,16216324.2697716,8219139943.12286,8221490032.19604,2.04658971710467,8732029989.71939,1.31011449822638
2018,ECS,700000.002980232,133930000.992492,12680000.0369549,32089999.0517646,2580409984.94625,217850001.968443,27329999.9143928,1040579997.18189,73390000.7754564,26169999.9663979,19650000.2034009,372720008.611679,181989997.446537,9100000.03501773,22459999.7475743,7839999.84152615,500000.0,95599998.2245266,217670006.677508,57469999.2854148,11000000.1452863,13460000.0455976,63709998.6821413,9999.99977648258,121190005.324781,6309999.77700412,4539999.99910593,19709999.8928607,156820001.343265,6290910006.34059,749380006.313324,4036012.5284642,9708725.36301613,28404236.7935181,11040005.098097,890011.616051197,23999782.7410698,16971613.1892055,8126188.63582611,0.0,0.0,10589880.0194263,5801331.91496134,0.0,0.0,0.0,261821.736072307,16216324.2697716,8219139943.12286,8221490032.19604,0.160641592534598,8732029989.71939,0.0679165819864309
2018,LAC,3349999.98286366,33590000.2643466,72580000.2682954,376769993.424416,1276379980.80254,189129997.862503,1199999.98807907,1407340026.6394,30839999.1095066,247970001.041889,4769999.92877245,1023520004.76792,376479997.973889,0.0,3589999.95701015,9890000.04716218,540000.021457672,-5349998.23197722,185380000.472069,215939998.509362,29299999.4512647,30460000.7068366,183880000.144243,3970000.019297,489999.989047647,6359999.85970557,200000.004842877,0.0,119929999.824613,7801369993.84687,1972749991.02019,48007967.9973423,17067015.2716339,35800475.1726985,27809199.8016462,1412909.00227614,32311713.1590843,27431741.7144775,10121038.813144,0.0,0.0,18609909.9814892,18446543.5445309,0.0,0.0,311932.027339935,13884933.9857697,40464293.8673496,10081449994.0872,10096339941.0248,1.10036092036162,10696839960.0983,0.728029730172226
2018,LCN,3539999.98606741,34040000.250563,72620000.2674013,380079993.456602,1342849983.03652,192379997.743294,1319999.98912215,1417110026.56817,30839999.1095066,309900001.347065,4829999.92743135,1033350004.76055,381009997.945279,0.0,3599999.95678663,9940000.04790723,540000.021457672,-4499998.25283885,187920000.553131,215269998.500124,29299999.4512647,30480000.7063895,191190000.087023,4080000.0205636,499999.988824129,6759999.84517694,200000.004842877,0.0,122979999.786243,8004949996.33356,2002699991.23178,48251186.3028631,17814353.8795412,36507485.1438403,29878050.3785238,1559375.499608,37099963.8438225,29930833.8165283,10797056.1869442,0.0,0.0,19637899.9650478,18446543.5445309,0.0,0.0,311932.027339935,13884933.9857697,42044338.9033899,10321349997.5204,10337139938.3545,0.936911852298754,11027819953.9185,0.611312548790735
2018,LMY,2523850097.65625,482380004.882813,1335679931.64063,3450479980.46875,16631509765.625,2328139892.57813,100069999.694824,19448599609.375,1797170043.94531,645380004.882813,475850006.103516,7329390136.71875,12037389648.4375,38579998.0163574,129110000.610352,530250000.0,61119998.9318848,2134370117.1875,6093030273.4375,1800049926.75781,343429992.675781,3745729980.46875,3217689941.40625,388589996.337891,238020004.272461,131520004.272461,32340000.1525879,29290000.9155273,3834080078.125,121191818341.68,29840128906.25,396526733.398438,88876907.3486328,518537048.339844,224393142.700195,189304031.37207,1487503173.82813,477078735.351563,300763122.558594,0.0,0.0,210536300.65918,118988319.396973,759275695.800781,0.0,9752625.46539307,185668487.548828,517344482.421875,166779828125.0,167082015625.0,1.62599968845782,177684453125.0,2.04796776334684
2018,MEA,115260001.724586,50550000.6172806,95659998.9328533,431600004.211068,2720900016.78467,178050001.174212,8620000.03270805,3275510023.47469,174460001.647472,73230002.5522709,45840000.0166148,864910009.205341,1170790008.49277,1159999.99456108,32279999.8521805,33659999.1712719,4689999.8895824,188700002.044439,819840016.60347,168620000.183582,20419999.6534735,323110000.222921,413279997.870326,6149999.96311963,17050000.3863126,3560000.04895031,2430000.02205372,1539999.98420477,313619996.860623,15181530081.9408,3624390000.34332,10364851.108638,4788694.66204196,26150022.8047371,12399543.1810617,510026.101954281,45172090.7092094,41701801.3447523,6643166.18442535,0.0,0.0,17012259.9005699,4175996.54197693,759275669.0979,0.0,207482.5912714,36160433.1731796,44668546.0805893,32133060180.6641,31660750106.8115,3.29582240838981,33448909439.0869,2.15344517710391
2018,MIC,1531250000.0,285209991.455078,312299987.792969,1124109985.35156,8941589843.75,929279968.261719,44909999.8474121,7761220214.84375,376899993.896484,191400009.155273,161649993.896484,4416910156.25,3289000000.0,10449999.8092651,102540000.915527,120129997.253418,4289999.96185303,370649993.896484,2959610107.42188,1191069946.28906,142709991.455078,386489990.234375,767849975.585938,228490005.493164,219120010.375977,45889999.3896484,8689999.5803833,21760000.2288818,926039978.027344,48552909788.752,11665389648.4375,35491504.6691895,46613063.8122559,323681091.308594,75875717.1630859,10729725.8377075,461474822.998047,152639633.178711,93733123.7792969,0.0,0.0,110677917.480469,55280227.6611328,712541992.1875,0.0,338250.905275345,94448493.9575195,151462524.414063,63538261718.75,63907699218.75,0.642170494647808,69623796875.0,0.815672679501259
2018,MNA,115260001.724586,50550000.6172806,95659998.9328533,431600004.211068,2720900016.78467,178050001.174212,8620000.03270805,3275510023.47469,174460001.647472,73230002.5522709,45840000.0166148,864910009.205341,1170790008.49277,1159999.99456108,32279999.8521805,33659999.1712719,4689999.8895824,188700002.044439,819840016.60347,168620000.183582,20419999.6534735,323110000.222921,413279997.870326,6149999.96311963,17050000.3863126,3560000.04895031,2430000.02205372,1539999.98420477,313619996.860623,15181530081.9408,3624390000.34332,10364851.108638,4788694.66204196,26150022.8047371,12399543.1810617,510026.101954281,45172090.7092094,41701801.3447523,6643166.18442535,0.0,0.0,17012259.9005699,4175996.54197693,759275669.0979,0.0,207482.5912714,36160433.1731796,44668546.0805893,32133060180.6641,31660750106.8115,7.79510069257721,33448909439.0869,6.98130092044999
2018,SAS,217090000.271797,21220000.1440942,4680000.02205372,245619997.549802,1287299989.58111,142359999.060631,2409999.91074204,938799986.042082,128220002.52828,8939999.93801117,47700000.6735325,423450015.731156,1298389996.2604,9999.99977648258,6339999.93279576,8110000.00685453,600000.012665987,137329998.251051,2742110055.80425,140239998.102188,10920000.0856072,103100001.623854,172359999.924898,2749999.99068677,2110000.0590086,1370000.02339482,340000.003576279,59999.9986588955,214269997.294992,10345970046.1868,2036160007.37995,2730723.29163551,3289894.96827126,88218045.3622714,10328734.3978882,873467.873781919,173188024.878502,8682334.3038559,21343017.5185204,0.0,0.0,20430310.01091,4322034.85909849,0.0,0.0,0.0,19653837.9471749,37783203.6018372,12219859970.0928,12428959953.3081,1.11206525413192,12999279899.5972,1.36509550681911
2018,SSA,74180000.6963313,73739999.6127933,450319998.022169,1312850007.13915,5638809949.75567,514129998.844117,11699999.9023974,3604499959.63089,402990002.825856,82590000.1972914,127820001.088083,2209610033.64623,3659320014.06886,320000.000298023,18640000.063926,266559999.646619,24689999.2264807,320829999.724403,1197970011.4876,414810004.202649,155189997.047186,807080001.106486,767239994.727075,11839999.9663234,37739999.7022003,63520000.1690537,2259999.97369945,529999.999329448,1170370006.99341,34012350002.7471,10589810023.2892,101055202.677846,25605827.8121054,267603129.813448,38707118.2504296,7371313.60266358,538443729.639053,120220947.004855,229641288.347542,0.0,0.0,97787110.2020144,75310291.0603084,0.0,0.0,641213.238239288,105260346.084833,124355054.676533,50887670280.4565,51352130264.2822,12.2350767266103,54708819916.2483,9.17140992362419
2018,SSF,74180000.6963313,73739999.6127933,450319998.022169,1312850007.13915,5638809949.75567,514129998.844117,11699999.9023974,3604499959.63089,402990002.825856,82590000.1972914,127820001.088083,2209610033.64623,3659320014.06886,320000.000298023,18640000.063926,266559999.646619,24689999.2264807,320829999.724403,1197970011.4876,414810004.202649,155189997.047186,807080001.106486,767239994.727075,11839999.9663234,37739999.7022003,63520000.1690537,2259999.97369945,529999.999329448,1170370006.99341,34012350002.7471,10589810023.2892,101055202.677846,25605827.8121054,267603129.813448,38707118.2504296,7371313.60266358,538443729.639053,120220947.004855,229641288.347542,0.0,0.0,97787110.2020144,75310291.0603084,0.0,0.0,641213.238239288,105260346.084833,124355054.676533,50894390280.2467,51358880264.2822,12.2225881179829,54708819916.2483,9.13479009965602
2019,EAP,1287700017.17284,23039999.9860674,31400000.3691763,91969999.0451336,598049989.521503,153059999.97817,4399999.96498227,911559993.840754,34179999.3962049,-55340000.1171976,26690000.5228817,381940011.953935,369830006.826669,19999.9995529652,34259999.4633347,19779999.6435642,210000.00089407,11169999.5454401,-354570031.434298,494719996.385276,39109999.9696016,-6590000.02034009,109750000.447035,379499997.109175,2900000.24437904,16280000.0030547,69999.9984353781,9999.99977648258,80530001.1411309,5629769976.56375,943979995.60833,13606072.4295676,14341215.0144577,50273528.7547112,31063419.9522901,5204513.61685991,67434000.2536774,11380700.1709938,22869530.9292525,0.0,0.0,29664146.2445259,5359374.64237213,0.0,0.0,0.0,18715910.2112055,69877426.3262749,7119960081.33888,7250459940.91034,0.10027223517402,7845950183.39157,0.171973238708892
2019,EAS,1305540017.32543,23039999.9860674,31400000.3691763,92039999.0454316,598699989.497662,153169999.977574,4399999.96498227,911559993.840754,34179999.3962049,-55340000.1171976,26690000.5228817,381940011.953935,369830006.826669,19999.9995529652,34259999.4633347,19779999.6435642,210000.00089407,11449999.5466322,-346180031.090975,494799996.383488,39109999.9696016,-6590000.02034009,109750000.447035,382319997.042418,2900000.24437904,16280000.0030547,69999.9984353781,9999.99977648258,80530001.1411309,5660009976.96817,943979995.60833,13640725.1879573,14341215.0144577,50273528.7547112,31063419.9522901,5204513.61685991,67434000.2536774,11380700.1709938,22869530.9292525,0.0,0.0,29664146.2445259,5359374.64237213,0.0,0.0,0.0,18715910.2112055,69940375.5143285,7119960081.33888,7250459940.91034,0.0743543655874028,7905650184.15451,0.0869898301821491
2019,ECA,589999.997988343,121889997.810125,11280000.0477582,-104760002.942756,1895839982.03278,235740000.803024,48680000.6851554,983770012.140274,29169999.7168034,21009999.9327213,30759999.8936057,469720008.969307,183950000.64373,6989999.91640449,34650000.2741814,6759999.95134771,210000.00089407,71969999.3412942,351940004.244447,105079999.642447,11310000.1215935,7619999.94516373,69980000.1718104,9999.99977648258,141630002.617836,4149999.76567924,8199999.88377094,21490000.1939386,175800003.655255,5701410015.11738,742960005.521774,5087793.01680624,6718747.21907079,35526239.1865253,13892139.9749815,3884412.56433725,25784999.9070168,23122924.6407747,8820023.71549606,0.0,0.0,15716051.7573357,10472071.5284348,0.0,0.0,0.0,2276889.91464674,10400837.7492428,7293069937.70599,7484080069.54193,1.95255813734433,7923859975.81482,1.16116836981036
2019,ECS,589999.997988343,121889997.810125,11280000.0477582,-104760002.942756,1895839982.03278,235740000.803024,48680000.6851554,983770012.140274,29169999.7168034,21009999.9327213,30759999.8936057,469720008.969307,183950000.64373,6989999.91640449,34650000.2741814,6759999.95134771,210000.00089407,71969999.3412942,351940004.244447,105079999.642447,11310000.1215935,7619999.94516373,69980000.1718104,9999.99977648258,141630002.617836,4149999.76567924,8199999.88377094,21490000.1939386,175800003.655255,5701410015.11738,742960005.521774,5087793.01680624,6718747.21907079,35526239.1865253,13892139.9749815,3884412.56433725,25784999.9070168,23122924.6407747,8820023.71549606,0.0,0.0,15716051.7573357,10472071.5284348,0.0,0.0,0.0,2276889.91464674,10400837.7492428,7293069937.70599,7484080069.54193,0.141428538024098,7923859975.81482,0.0608022974649279
2019,LAC,3850000.01080334,20469999.7324497,48969999.2891401,402820000.190288,646050002.522767,208100000.89556,1599999.9884516,1156180019.82383,4750000.05215406,248750001.845881,4600000.0089407,518269989.047199,305299999.7437,0.0,5379999.92258847,11329999.8641014,90000.0035762787,-13230002.1909177,158440002.879128,209450000.546873,16779999.71807,12579999.8883158,143130001.801997,2979999.96691942,2240000.0244379,6780000.07010996,219999.993219972,0.0,109169998.994097,6228490006.97582,1993409992.34281,46288910.9365642,16503712.490201,30902095.2731371,38463119.700551,5423793.57665777,34826000.392437,18731331.4923085,13337526.6566873,0.0,0.0,34626612.0970249,16074235.200882,0.0,0.0,365386.754274368,18395529.8066139,44648553.9432615,8365300065.99426,8516919954.29993,0.934367602223382,8901389982.22351,0.603481996554857
2019,LCN,3950000.00856817,21819999.774918,49009999.288246,407240000.214428,719630001.969635,215380000.974983,1659999.9871105,1168490020.21365,4750000.05215406,315960000.334308,4630000.00827014,567279988.057911,321490000.098944,0.0,5389999.92236495,12679999.8879433,329999.998211861,-12320002.2056699,157420002.778992,210010000.549257,16999999.7168779,15029999.954626,196350002.545863,4360000.01803041,2400000.03017485,7350000.07227063,249999.992549419,59999.9986588955,119989999.41349,6588410006.51196,2050619992.8578,46583252.2697747,17043130.1034987,30708835.9296322,40643089.7265673,6098259.44155455,50200000.8225441,19782528.7827291,13866426.6690612,0.0,0.0,36117319.3156719,16074235.200882,0.0,0.0,365386.754274368,21271558.5827827,46697547.5680083,8661500052.45209,8821139945.98389,0.81522816277281,9418809995.65125,0.521541961353651
2019,LMY,2204270019.53125,442089996.337891,1136339965.82031,2986429931.64063,14759390625.0,2348810058.59375,95759994.5068359,18362810546.875,1757540039.0625,735130004.882813,601549987.792969,7260219726.5625,13090509765.625,142669998.168945,158559997.558594,566900024.414063,51110000.6103516,1320989990.23438,7448819824.21875,1910010009.76563,361679992.675781,3386979980.46875,3252600097.65625,390720001.220703,207559997.558594,116979995.727539,21510000.2288818,31010000.2288818,3457590087.89063,117379749410.903,28756968750.0,454450042.724609,82149116.5161133,604175170.898438,278068511.962891,129844985.961914,995570007.324219,667981262.207031,370272979.736328,0.0,0.0,401313354.492188,146940444.946289,765021972.65625,0.0,8310646.05712891,301509155.273438,544872741.699219,162355562500.0,165865156250.0,1.57699471933862,176238718750.0,2.02213168761595
2019,MEA,130760000.642389,53849999.666214,95540000.4517287,393970004.141331,2874370021.82007,197659997.582436,11840000.204742,3285730019.21177,206570000.084117,77340001.1956692,44570000.2294034,759549998.104572,1337740001.91689,830000.003799796,38650000.2779067,35909999.4413555,3800000.01192093,212380000.293255,777669996.231794,161349998.489022,19350000.2585351,140999999.731779,420699995.279312,7920000.11913478,12840000.0333786,1179999.99783933,1550000.02868474,1169999.97384846,280740002.095699,15019960093.7981,3432340056.30016,6112904.25772313,3598060.99161506,14063385.8293295,16932669.7289944,2573895.55126429,47043999.3739128,33431694.5753526,11467490.9561872,0.0,0.0,28227501.6307831,7236136.67488098,765022006.988525,0.0,241688.117384911,73098312.0794408,49688452.4822235,27687310005.188,27682929733.2764,2.76519797687012,29187039772.0337,1.80146732854137
2019,MIC,1402070068.35938,231669998.168945,259929992.675781,847059997.558594,7473140136.71875,938570007.324219,68879997.253418,6569120117.1875,234539993.286133,278829986.572266,134660003.662109,3871869873.04688,3474739990.23438,8119999.88555908,119730003.356934,120459999.084473,2170000.07629395,358369995.117188,4347859863.28125,1349969970.70313,128889999.389648,254229995.727539,708700012.207031,202319992.06543,188020004.272461,42459999.0844727,12429999.3515015,22530000.6866455,840450012.207031,44661349852.4167,10155589843.75,44103797.9125977,40851951.5991211,344255554.199219,122011672.973633,35882884.979248,480986999.511719,136923324.584961,132367218.017578,0.0,0.0,170324218.75,53707920.0744629,704895629.882813,0.0,242023.959755898,141960586.547852,177243713.378906,62047929687.5,63635968750.0,0.624227408616885,69033835937.5,0.806668249810509
2019,MNA,130760000.642389,53849999.666214,95540000.4517287,393970004.141331,2874370021.82007,197659997.582436,11840000.204742,3285730019.21177,206570000.084117,77340001.1956692,44570000.2294034,759549998.104572,1337740001.91689,830000.003799796,38650000.2779067,35909999.4413555,3800000.01192093,212380000.293255,777669996.231794,161349998.489022,19350000.2585351,140999999.731779,420699995.279312,7920000.11913478,12840000.0333786,1179999.99783933,1550000.02868474,1169999.97384846,280740002.095699,15019960093.7981,3432340056.30016,6112904.25772313,3598060.99161506,14063385.8293295,16932669.7289944,2573895.55126429,47043999.3739128,33431694.5753526,11467490.9561872,0.0,0.0,28227501.6307831,7236136.67488098,765022006.988525,0.0,241688.117384911,73098312.0794408,49688452.4822235,27687310005.188,27682929733.2764,6.65587916191713,29187039772.0337,5.75442018165263
2019,SAS,178730003.118515,20570000.1809746,5329999.95350838,228969998.568296,972200006.440282,132869998.395443,1819999.97794628,1209320006.57916,92759999.1764873,7929999.95499849,45660000.7899106,437169997.490942,1368069962.08429,0.0,8720000.08448958,6749999.97019768,709999.997168779,64379999.499768,3133250067.05523,276019994.63141,10629999.814555,115110000.293702,148879997.469485,4780000.01423061,9530000.16510487,2049999.99143183,389999.993145466,70000.0002980232,201169994.153082,11079559974.8958,2394169949.11432,4402705.90037107,2230658.10650587,126770527.213812,16258169.9136645,1939547.99696803,179982001.543045,6428659.46888924,27230090.8267498,0.0,0.0,26537316.4713383,4606061.45858765,0.0,0.0,0.0,15757271.2302208,57505978.1074524,14951799934.3872,15372930244.4458,1.39366406260361,16088739929.1992,1.74133198343795
2019,SSA,74120000.2338737,73570000.2480298,409140003.493056,1066259994.14176,5430090041.93544,513759998.004884,13239999.8437613,3895490016.29464,481000003.293157,114509998.584166,170949997.283518,2404879989.16954,3623220016.66203,400000.000372529,20900000.302121,263080000.087619,19279999.9937415,309010000.323877,1300909995.06414,424000002.171844,164449997.814372,705640001.112595,778510004.192591,13139999.8497218,22740000.3354996,63709999.2055446,3289999.92087483,500000.001862645,1118139998.00757,32852670006.0703,9374349948.5068,71345632.404089,23800550.5427718,346639389.790595,68372159.8088741,40562271.4832425,573628995.537758,220080745.443702,252222706.437111,0.0,0.0,130880466.82626,95760212.4512196,0.0,0.0,734467.685222626,139806534.746662,124918462.395668,53017349622.7264,54464109924.3164,12.6259901109029,58081040376.6632,9.23193782036534
2019,SSF,74120000.2338737,73570000.2480298,409140003.493056,1066259994.14176,5430090041.93544,513759998.004884,13239999.8437613,3895490016.29464,481000003.293157,114509998.584166,170949997.283518,2404879989.16954,3623220016.66203,400000.000372529,20900000.302121,263080000.087619,19279999.9937415,309010000.323877,1300909995.06414,424000002.171844,164449997.814372,705640001.112595,778510004.192591,13139999.8497218,22740000.3354996,63709999.2055446,3289999.92087483,500000.001862645,1118139998.00757,32852670006.0703,9374349948.5068,71345632.404089,23800550.5427718,346639389.790595,68372159.8088741,40562271.4832425,573628995.537758,220080745.443702,252222706.437111,0.0,0.0,130880466.82626,95760212.4512196,0.0,0.0,734467.685222626,139806534.746662,124918462.395668,53080099622.7264,54528619926.4526,12.6123988281522,58081040376.6632,9.19726082880938
2020,EAP,1270169974.4463,19040000.2412498,21089999.5863438,123189999.312162,896620002.232492,163459999.078885,4309999.88503754,1564319974.86204,30619999.5391071,-54330000.0801682,35329999.8939037,740569989.12245,351549990.311265,0.0,31129999.7400492,16690000.0628084,119999.999180436,24890001.4739484,1716640016.95812,600450007.293373,35900000.1996756,-9429999.72961843,121699999.406934,363890003.845096,2530000.41469932,58880001.6772002,19999.9995529652,19999.9995529652,82040000.9863079,9413079962.2275,1201550001.47223,10840672.0433209,9000697.11357355,56847460.5903029,20999254.2844266,0.0,61843000.0543594,25684680.7636321,21020766.2992179,0.0,0.0,31017159.9984169,11049410.0451469,0.0,0.0,0.0,16385129.7721267,44015233.6917818,12714009916.7824,12714009916.7824,0.177624461798935,13475109985.3516,0.327766017787604
2020,EAS,1283619974.25556,19040000.2412498,21089999.5863438,123279999.315739,896690002.23279,163609999.084845,4309999.88503754,1564319974.86204,30619999.5391071,-54330000.0801682,35329999.8939037,740569989.12245,351549990.311265,0.0,31129999.7400492,16690000.0628084,119999.999180436,24890001.4739484,1718900016.94858,600650007.296354,35900000.1996756,-9429999.72961843,121699999.406934,367370003.864169,2530000.41469932,58880001.6772002,19999.9995529652,19999.9995529652,82040000.9863079,9432779962.0591,1201550001.47223,10842757.0433646,9000697.11357355,56847460.5903029,20999254.2844266,0.0,61843000.0543594,25684680.7636321,21020766.2992179,0.0,0.0,31017159.9984169,11049410.0451469,0.0,0.0,0.0,16385129.7721267,44045019.1609561,12714009916.7824,12714009916.7824,0.132411245378471,13506309986.1145,0.169834357764546
2020,ECA,4859999.93793666,134070000.723004,14350000.2734363,-106829999.325797,3970099985.3611,253930000.390857,24539999.6936321,1331140003.68118,19310000.3469735,-1130000.44971704,19579999.8641014,775359993.390739,161940004.974604,4000000.0,94179999.0348518,6590000.18984079,390000.009909272,62160001.1941046,177970011.979342,89830001.3244152,5890000.00804663,9669999.94032085,64819999.1378933,19999.9995529652,152089998.841286,4459999.93011355,25910000.314936,21070000.3728271,181909999.793395,8255330005.42037,741170004.367828,3231894.42232251,7909060.60300767,36590214.908123,8543743.16707253,0.0,28647000.0743866,24064428.4486771,9856173.47061634,0.0,0.0,19357490.0329113,6685479.99858856,0.0,0.0,0.0,1798961.39353514,9331686.5414381,10809940140.7242,10809940140.7242,2.59798361231182,10841670046.8063,1.81012567496856
2020,ECS,4859999.93793666,134070000.723004,14350000.2734363,-106829999.325797,3970099985.3611,253930000.390857,24539999.6936321,1331140003.68118,19310000.3469735,-1130000.44971704,19579999.8641014,775359993.390739,161940004.974604,4000000.0,94179999.0348518,6590000.18984079,390000.009909272,62160001.1941046,177970011.979342,89830001.3244152,5890000.00804663,9669999.94032085,64819999.1378933,19999.9995529652,152089998.841286,4459999.93011355,25910000.314936,21070000.3728271,181909999.793395,8255330005.42037,741170004.367828,3231894.42232251,7909060.60300767,36590214.908123,8543743.16707253,0.0,28647000.0743866,24064428.4486771,9856173.47061634,0.0,0.0,19357490.0329113,6685479.99858856,0.0,0.0,0.0,1798961.39353514,9331686.5414381,10809940140.7242,10809940140.7242,0.205111558083722,10841670046.8063,0.094984744740278
2020,LAC,2439999.99947846,34850000.1356006,49990000.0467896,507860008.120537,1221370000.422,199600000.195205,960000.00089407,1470819969.19774,4600000.03688037,299600000.102073,5540000.06616116,1419699997.494,353089998.017997,0.0,7480000.13642013,11000000.0055879,310000.002384186,165419998.653233,360630000.500008,167260002.549738,12629999.7791648,11469999.9056756,111760000.288486,2660000.00573695,1949999.99366701,10430000.0295043,0.0,100000.003352761,108570001.807064,8531399998.88838,1989290021.39345,35017907.4807093,11588438.0377829,595603.425055742,26879846.2003469,0.0,33018999.6361732,13805741.8844342,12497275.7771611,0.0,0.0,35104429.69203,17291409.7905159,0.0,0.0,280651.032924652,19598277.7569443,43273259.5801353,11721510034.5612,11721510034.5612,1.64458844798683,12380899856.5674,1.05276435460595
2020,LCN,2489999.99836087,36420000.1247227,50400000.0432134,517120008.170605,1290260002.19584,211010000.318289,1070000.00216067,1453479969.7306,5170000.02972782,347909999.091178,6110000.0590086,1421549997.86429,383639998.685569,29999.9993294477,7500000.1359731,13070000.0282377,310000.002384186,167899998.705834,380450000.16503,169590002.503246,12739999.7785687,12749999.8770654,121220000.565052,2770000.00700355,2019999.99210238,10850000.0350177,9999.99977648258,100000.003352761,120310001.578182,8837149999.85323,2088880020.16395,35431951.3598457,12050017.5468624,357715.550810099,28109453.7489116,0.0,37881999.6714592,19541542.6275372,13561823.643744,0.0,0.0,37521409.6605778,17291409.7905159,0.0,0.0,280651.032924652,21064043.1139618,45499774.6613808,12180740043.6401,12180740043.6401,1.44036982083011,12969499851.2268,0.904152592389559
2020,LMY,2303149902.34375,559919982.910156,1160619995.11719,3668600097.65625,20566810546.875,2803959960.9375,72589996.3378906,22564070312.5,1649500000.0,687609985.351563,655020019.53125,10262419921.875,12012059570.3125,84699996.9482422,225860000.610352,519119995.117188,45700000.7629395,1300589965.82031,10207580078.125,1790869995.11719,305269989.013672,3662360107.42188,3041530029.29688,394089996.337891,207709991.455078,166630004.882813,37299999.2370605,30180002.2125244,3505810058.59375,133818641752.854,29310031250.0,422216949.462891,66387321.472168,486922668.457031,213342269.897461,128955642.700195,961478027.34375,617110168.457031,397221191.40625,0.0,0.0,420685424.804688,175586746.21582,774581970.214844,0.0,8031026.84020996,320546966.552734,271630096.435547,192703828125.0,192703828125.0,1.91340883356277,204125859375.0,2.70003216043692
2020,MEA,69650000.7510185,53940000.1130998,89369998.5481799,432819994.76254,4061330032.34863,215730000.972748,13320000.1101941,3705100005.80549,171289999.33973,37270000.9346008,54669999.4374067,1067809998.03543,1026179981.47011,249999.992549419,47360000.0329316,35939999.3494153,3280000.00864267,273379999.924451,1163850003.77893,81120000.5412102,15979999.9445677,195309999.585152,335850000.910461,9690000.07025898,12199999.9731779,1470000.01184642,1019999.99769032,1009999.98860061,298390000.522137,17031280115.0717,3554770097.82195,3396261.28226519,3707861.17529497,7584405.88414669,13469048.1573343,0.0,55221000.5521774,30802559.0730831,13616105.7054996,0.0,0.0,29853860.0206375,6864290.23742676,774581981.658936,0.0,312544.196844101,72975213.595666,30370019.9350715,28146759796.1426,28146759796.1426,3.27005814825522,29563820465.0879,2.17281291640814
2020,MIC,1327679931.64063,261070007.324219,241690002.441406,869809997.558594,12283000000.0,991349975.585938,44989997.8637695,8453790039.0625,281290008.544922,270250000.0,149529998.779297,5647149902.34375,2908159912.10938,4010000.22888184,188729995.727539,121090003.967285,2440000.05722046,470760009.765625,6675359863.28125,1238300048.82813,101849998.474121,265649993.896484,662669982.910156,225000000.0,190929992.675781,79550003.0517578,28110000.6103516,22300001.1444092,872750000.0,56487209628.9192,11594209960.9375,38353931.427002,37641807.5561523,249048507.69043,89122436.5234375,0.0,443522003.173828,150153686.523438,138457855.224609,0.0,0.0,178602462.768555,65271537.7807617,729031311.035156,0.0,370762.556791306,139253677.368164,116570556.640625,82064656250.0,82064656250.0,0.837169808532758,87926679687.5,1.19215618739218
2020,MNA,69650000.7510185,53940000.1130998,89369998.5481799,432819994.76254,4061330032.34863,215730000.972748,13320000.1101941,3705100005.80549,171289999.33973,37270000.9346008,54669999.4374067,1067809998.03543,1026179981.47011,249999.992549419,47360000.0329316,35939999.3494153,3280000.00864267,273379999.924451,1163850003.77893,81120000.5412102,15979999.9445677,195309999.585152,335850000.910461,9690000.07025898,12199999.9731779,1470000.01184642,1019999.99769032,1009999.98860061,298390000.522137,17031280115.0717,3554770097.82195,3396261.28226519,3707861.17529497,7584405.88414669,13469048.1573343,0.0,55221000.5521774,30802559.0730831,13616105.7054996,0.0,0.0,29853860.0206375,6864290.23742676,774581981.658936,0.0,312544.196844101,72975213.595666,30370019.9350715,28146759796.1426,28146759796.1426,7.98081681310157,29563820465.0879,7.43656972116975
2020,SAS,163270002.72274,18999999.9701977,4110000.02920628,195910004.556179,1093459992.40875,132310001.015663,1899999.95566905,1472860038.10167,70680001.2290478,6029999.79257584,52080000.7283688,426470006.12691,1090109997.27249,29999.9993294477,9820000.15489757,7799999.99701977,850000.023841858,49740000.9334087,3105529974.4606,162009996.235371,12180000.2604723,88390003.3719838,150589998.254552,3640000.10862947,9919999.90679324,1409999.9666214,429999.986663461,50000.0007450581,185019996.82188,10366379984.7513,1849339970.32046,3078047.8457018,2346377.9091835,74301890.3657794,12345986.5152836,0.0,160191002.607346,13096280.4999726,25901385.5755329,0.0,0.0,29676019.4301605,-744819.99874115,0.0,0.0,0.0,19896104.4102907,39677808.7615967,16585300338.7451,16585300338.7451,1.68757193487401,17378520263.6719,2.34355094872651
2020,SSA,56240001.1811405,97689998.4367192,448840002.624318,1329400006.92755,6709950008.92878,546640000.957996,13159999.9275059,4750680013.65475,532630001.265556,109620002.103969,240330003.527924,3237219996.39273,3165079998.10018,29999.9993294477,12330000.2515316,267120001.446456,17390000.0117719,316259999.33295,1171730003.90828,418580004.669726,148400002.639741,727780010.152608,679189997.971058,11059999.961406,17799999.5741993,65459998.2108921,2910000.05602837,239999.996498227,1121480005.46172,37312860039.4242,11096129981.7413,79823431.0355037,22284660.3132784,311003092.389554,43645178.7315309,0.0,546656000.912189,179050622.850657,293030618.816614,0.0,0.0,154556931.063533,129864579.260349,0.0,0.0,796224.594116211,151064419.666305,87196266.8299675,66884599784.8511,66884599784.8511,17.4962981560569,71201929793.3578,14.1644752365622
2020,SSF,56240001.1811405,97689998.4367192,448840002.624318,1329400006.92755,6709950008.92878,546640000.957996,13159999.9275059,4750680013.65475,532630001.265556,109620002.103969,240330003.527924,3237219996.39273,3165079998.10018,29999.9993294477,12330000.2515316,267120001.446456,17390000.0117719,316259999.33295,1171730003.90828,418580004.669726,148400002.639741,727780010.152608,679189997.971058,11059999.961406,17799999.5741993,65459998.2108921,2910000.05602837,239999.996498227,1121480005.46172,37312860039.4242,11096129981.7413,79823431.0355037,22284660.3132784,311003092.389554,43645178.7315309,0.0,546656000.912189,179050622.850657,293030618.816614,0.0,0.0,154556931.063533,129864579.260349,0.0,0.0,796224.594116211,151064419.666305,87196266.8299675,66890549784.6603,66890549784.6603,17.4828152182092,71201929793.3578,14.1222860452271
2021,EAP,2139009960.24534,25340000.1432747,23119999.5242059,142120001.669973,691750000.292435,178139999.307692,5859999.95470047,943939992.265776,32800000.814721,-51890000.782907,26779999.6528775,766029986.524954,289470003.075898,8449999.93778765,32819999.8214841,16399999.5198101,9999.99977648258,-5669999.9794364,905379978.179932,575489998.027682,30060000.6170571,-3240000.26471913,88230000.4754215,496290006.250143,9449999.98249114,19910000.0709295,1630000.01385808,469999.998807907,101919998.681173,8849379919.30917,1357899995.33631,9560210.01748741,5184263.5050416,-2078001.20487809,20918280.1190764,0.0,61175000.0715256,23266970.2172279,22182662.0055363,0.0,0.0,30580590.7249451,3685739.91465382,0.0,0.0,0.0,14941389.6501064,73005899.8018503,10515909809.1125,9819090023.04077,0.122952350090796,10555570096.0159,0.211225189948379
2021,EAS,2159299961.16087,25340000.1432747,23119999.5242059,142220001.671463,691750000.292435,178299999.304116,5859999.95470047,943939992.265776,32800000.814721,-51890000.782907,26779999.6528775,766029986.524954,289470003.075898,8449999.93778765,32819999.8214841,16399999.5198101,9999.99977648258,-5669999.9794364,906519978.165627,575489998.027682,30060000.6170571,-3240000.26471913,88230000.4754215,499430006.355047,9449999.98249114,19910000.0709295,1630000.01385808,469999.998807907,101919998.681173,8874209920.31321,1357899995.33631,9558120.0174056,5184263.5050416,-2078001.20487809,20918280.1190764,0.0,61175000.0715256,23266970.2172279,22181742.0055158,0.0,0.0,30580590.7249451,3685739.91465382,0.0,0.0,0.0,14941389.6501064,73077199.8018026,10515909809.1125,9819090023.04077,0.0939606928154157,10589330094.3375,0.111800501245553
2021,ECA,289999.997243285,163519999.712706,18070000.4696846,47019998.4740466,4586710005.64098,269100000.359118,25579999.7411668,1189620001.39058,38459998.4362721,-26989999.5736778,17710000.0530481,459809993.583709,167090000.495315,7010000.01467764,70100001.0669231,4750000.07264316,820000.007748604,50639999.8310953,337369995.653629,68690000.5433708,10849999.9735504,5620000.07927418,50250000.0298023,0.0,178479999.7136,-3109999.82245266,10779999.8596311,25220000.2446771,186250000.305474,8911139997.34447,932520000.934601,6762200.04633069,8894945.62521577,28047000.8552074,10017220.005393,0.0,19698000.1926422,16830769.777298,12843206.7036629,0.0,0.0,18414293.9150333,6514970.0473994,0.0,0.0,0.0,1136450.01500845,14610099.8818874,9729970041.27502,9199500044.22665,2.21314391032871,10151229940.4144,1.41442075662541
2021,ECS,289999.997243285,163519999.712706,18070000.4696846,47019998.4740466,4586710005.64098,269100000.359118,25579999.7411668,1189620001.39058,38459998.4362721,-26989999.5736778,17710000.0530481,459809993.583709,167090000.495315,7010000.01467764,70100001.0669231,4750000.07264316,820000.007748604,50639999.8310953,337369995.653629,68690000.5433708,10849999.9735504,5620000.07927418,50250000.0298023,0.0,178479999.7136,-3109999.82245266,10779999.8596311,25220000.2446771,186250000.305474,8911139997.34447,932520000.934601,6762200.04633069,8894945.62521577,28047000.8552074,10017220.005393,0.0,19698000.1926422,16830769.777298,12843206.7036629,0.0,0.0,18414293.9150333,6514970.0473994,0.0,0.0,0.0,1136450.01500845,14610099.8818874,9729970041.27502,9199500044.22665,0.174321105363819,10151229940.4144,0.0773151223914015
2021,LAC,2110000.04969537,30930000.403896,45420000.0781566,664389996.809885,972930013.904348,204629997.007549,1150000.00409782,756980010.172352,4890000.02108514,336409996.913746,5269999.94181097,1755500012.22268,292459998.408332,129999.997094274,7810000.1309067,15010000.0556558,189999.997615814,172650001.373142,399559999.288991,319769996.922463,11919999.9999255,12410000.0206381,140580003.902316,4049999.91506338,2099999.95678663,11059999.49947,0.0,479999.996721745,171380001.075566,8919590013.32336,2577349985.25493,37330999.4488955,12090060.9027594,319999.806582928,29351670.185104,0.0,30296999.9313354,40630610.0487709,16146203.9463222,0.0,0.0,36495983.6304188,22863089.7700787,0.0,0.0,205298.006534576,15057029.9730171,45025799.1999388,11416930030.8228,10805730007.1716,1.20093819182778,11372810033.7982,0.771366061645855
2021,LCN,2190000.04790723,32560000.4270673,45420000.0781566,683189997.060224,1027940013.11995,217309996.74648,1230000.00417233,782800010.522828,5479999.9948591,340659996.749833,5269999.94181097,1757260012.21314,299239998.498932,149999.996647239,7870000.13142824,15600000.0294298,189999.997615814,172790001.383051,473230001.451448,320799996.893853,11919999.9999255,14799999.9057502,153430003.330112,5209999.85933304,2249999.95343387,11519999.4966388,39999.9991059303,479999.996721745,186410000.672564,9301010008.43383,2723639979.93432,37860129.4532418,12847592.1489298,-45000.2029538155,30477070.1639354,0.0,35820999.9799728,44021030.0087929,17307177.644223,0.0,0.0,38968002.6471615,22863089.7700787,0.0,0.0,205298.006534576,15938259.9696983,48531699.171057,11848990024.5667,11213789995.1935,1.04690133654803,11882310026.6457,0.654846472770469
2021,LMY,3045039794.92188,698260009.765625,1351969970.70313,4807660156.25,20441220703.125,2902710205.07813,88389999.3896484,23631611328.125,1933329956.05469,1166390014.64844,702169982.910156,10006360351.5625,9649200195.3125,74470001.2207031,253160003.662109,620830017.089844,57590000.1525879,2484560058.59375,11497850585.9375,2292300048.82813,362580017.089844,3765780029.29688,3391209960.9375,534929992.675781,283779998.779297,154779998.779297,36569999.6948242,46080001.8310547,3850139892.57813,147978161399.858,37817578125.0,426563781.738281,71675880.4321289,377946990.966797,252151672.363281,88201713.5620117,887682983.398438,591005920.410156,402840820.3125,0.0,0.0,327505828.857422,193830856.323242,727358520.507813,0.0,13361281.3949585,342848358.154297,606257263.183594,201776687500.0,189745046875.0,1.65297260579508,201868890625.0,2.1818291867484
2021,MEA,78220000.4383922,85509999.1559982,96799999.6766448,486090005.517006,4994380113.60168,226629999.339581,18029999.7460097,3506340028.46479,219720003.068447,68120000.526309,95119998.1980026,993589985.966682,687910000.085831,9379999.8909235,61390000.3917515,46690000.2807379,3689999.97153878,242269999.712706,1051700010.29968,154309997.424483,20559999.5423108,171939999.181777,340970002.606511,7640000.09186566,24399999.8345971,4129999.98033047,4760000.01840293,2760000.04075468,365410001.993179,18483980126.9025,4414009981.87065,7388340.04104137,4716761.92991436,-10373000.3982782,14203899.9311626,0.0,43404999.9713898,46723410.2040529,16760817.0807362,0.0,0.0,32774551.2127876,1932160.02127156,727358493.804932,0.0,327105.015516281,57091051.1054099,52762400.1502991,34886630493.1641,32078420013.4277,3.46032133205263,34622419754.0283,2.3048203115011
2021,MIC,2167919921.875,326429992.675781,261950012.207031,1149660034.17969,12151450195.3125,1062310058.59375,58069999.6948242,7139700195.3125,318239990.234375,361889984.130859,191069992.06543,5532270019.53125,2268850097.65625,29940000.5340576,195460006.713867,123720001.220703,3119999.88555908,433000000.0,7789430175.78125,1603680053.71094,123730003.356934,272750000.0,693030029.296875,305519989.013672,251139999.389648,78949996.9482422,19309999.4659424,36110000.6103516,1030969970.70313,58812850876.3146,12808410156.25,59477668.762207,40163497.9248047,191333999.633789,92166793.8232422,0.0,426096984.863281,241688690.185547,161564437.866211,0.0,0.0,183994201.660156,66672790.5273438,683015991.210938,0.0,445127.725601196,132478805.541992,220155807.495117,82103859375.0,78008164062.5,0.69971487458067,84559921875.0,0.932077661109083
2021,MNA,78220000.4383922,85509999.1559982,96799999.6766448,486090005.517006,4994380113.60168,226629999.339581,18029999.7460097,3506340028.46479,219720003.068447,68120000.526309,95119998.1980026,993589985.966682,687910000.085831,9379999.8909235,61390000.3917515,46690000.2807379,3689999.97153878,242269999.712706,1051700010.29968,154309997.424483,20559999.5423108,171939999.181777,340970002.606511,7640000.09186566,24399999.8345971,4129999.98033047,4760000.01840293,2760000.04075468,365410001.993179,18483980126.9025,4414009981.87065,7388340.04104137,4716761.92991436,-10373000.3982782,14203899.9311626,0.0,43404999.9713898,46723410.2040529,16760817.0807362,0.0,0.0,32774551.2127876,1932160.02127156,727358493.804932,0.0,327105.015516281,57091051.1054099,52762400.1502991,34886630493.1641,32078420013.4277,8.32651505620706,34622419754.0283,7.58938778493969
2021,SAS,224459997.415543,31179999.9251962,6110000.15959144,256430000.513792,1043100010.15663,178690000.548959,3499999.98137355,1704229993.22414,145500000.055879,16859999.8485297,63889999.1363287,267979992.66535,795110020.428896,870000.004768372,17669999.5175004,12819999.9611825,1900000.05066395,125800002.854317,4740810058.59375,305340000.189841,18040000.05126,65559998.9295006,167789998.717606,7289999.80539083,27139999.8217821,860000.014305115,680000.007152557,810000.009834766,203400003.165007,12967960035.9201,2532249960.1841,5696790.00973701,2262315.0870204,102362999.945879,11607099.9950171,0.0,142851998.746395,11490570.0683594,31720873.4750748,0.0,0.0,31605208.158493,3839489.903301,0.0,0.0,0.0,22020899.8247981,55022899.1508484,17641809913.6353,17038410507.2021,1.43559280545154,17997349998.4741,1.79243016352876
2021,SSA,52670000.5084276,151380000.770092,516600000.681356,2107339994.46034,4752940017.84921,576050008.265302,16969999.8516589,4915790015.91913,608629997.711629,207029998.30246,200059999.251738,2722180026.46044,2193629970.7666,9069999.91647899,48310000.0284612,283280001.763254,20769999.7648597,944900023.674592,1574319994.08454,500299999.598414,181040003.120899,828630008.105189,731209998.879582,15369999.660179,20460000.1275539,97900000.5256385,7789999.96744096,8699999.7664243,1422729987.42759,38901750085.1694,13179830038.0688,82900540.5455828,22460941.0315752,259667999.282479,42405910.3429317,0.0,522418000.221252,367248368.851841,281781057.417393,0.0,0.0,158549123.048782,143618110.358715,0.0,0.0,1034413.45691681,232601519.361138,188090200.662613,62272819988.2507,58802390365.6006,14.4652543333909,63212760002.1362,11.137360911266
2021,SSF,52670000.5084276,151380000.770092,516600000.681356,2107339994.46034,4752940017.84921,576050008.265302,16969999.8516589,4915790015.91913,608629997.711629,207029998.30246,200059999.251738,2722180026.46044,2193629970.7666,9069999.91647899,48310000.0284612,283280001.763254,20769999.7648597,944900023.674592,1574319994.08454,500299999.598414,181040003.120899,828630008.105189,731209998.879582,15369999.660179,20460000.1275539,97900000.5256385,7789999.96744096,8699999.7664243,1422729987.42759,38901750085.1694,13179830038.0688,82900540.5455828,22460941.0315752,259667999.282479,42405910.3429317,0.0,522418000.221252,367248368.851841,281781057.417393,0.0,0.0,158549123.048782,143618110.358715,0.0,0.0,1034413.45691681,232601519.361138,188090200.662613,62285599987.9837,58814490365.9821,14.4584942263585,63212760002.1362,11.0996208480766
