year,country,Land area (sq. km),Surface area (sq. km),"Access to clean fuels and technologies for cooking, rural (% of rural population)","Access to clean fuels and technologies for cooking, urban (% of urban population)",Access to clean fuels and technologies for cooking (% of population),Energy intensity level of primary energy (MJ/$2017 PPP GDP),"Electricity production from oil, gas and coal sources (% of total)",Renewable electricity output (% of total electricity output),"Electricity production from renewable sources, excluding hydroelectric (kWh)","Electricity production from renewable sources, excluding hydroelectric (% of total)",Renewable energy consumption (% of total final energy consumption),"PM2.5 air pollution, mean annual exposure (micrograms per cubic meter)",Total greenhouse gas emissions including LULUCF (Mt CO2e),Total greenhouse gas emissions excluding LULUCF (Mt CO2e),Total greenhouse gas emissions excluding LULUCF per capita (t CO2e/capita),Methane (CH4) emissions from Agriculture (Mt CO2e),Methane (CH4) emissions from Building (Energy) (Mt CO2e),Methane (CH4) emissions from Fugitive Emissions (Energy) (Mt CO2e),Methane (CH4) emissions from Industrial Combustion (Energy) (Mt CO2e),Methane (CH4) emissions from Industrial Processes (Mt CO2e),Methane (CH4) emissions (total) excluding LULUCF (Mt CO2e),Methane (CH4) emissions from Power Industry (Energy) (Mt CO2e),Methane (CH4) emissions from Transport (Energy) (Mt CO2e),Methane (CH4) emissions from Waste (Mt CO2e),Methane (CH4) emissions (total) excluding LULUCF (% change from 1990),Carbon dioxide (CO2) emissions from Agriculture (Mt CO2e),Carbon dioxide (CO2) emissions from Building (Energy) (Mt CO2e),Carbon dioxide (CO2) emissions from Fugitive Emissions (Energy) (Mt CO2e),Carbon dioxide (CO2) emissions from Industrial Combustion (Energy) (Mt CO2e),Carbon dioxide (CO2) emissions from Industrial Processes (Mt CO2e),Carbon dioxide (CO2) net fluxes from LULUCF - Deforestation (Mt CO2e),Carbon dioxide (CO2) net fluxes from LULUCF - Forest Land (Mt CO2e),Carbon dioxide (CO2) net fluxes from LULUCF - Total excluding non-tropical fires (Mt CO2e),Carbon dioxide (CO2) net fluxes from LULUCF - Other Land (Mt CO2e),Carbon dioxide (CO2) net fluxes from LULUCF - Organic Soil (Mt CO2e),Carbon dioxide (CO2) emissions (total) excluding LULUCF (Mt CO2e),Carbon dioxide (CO2) emissions excluding LULUCF per capita (t CO2e/capita),Carbon dioxide (CO2) emissions from Power Industry (Energy) (Mt CO2e),Carbon intensity of GDP (kg CO2e per constant 2015 US$ of GDP),Carbon intensity of GDP (kg CO2e per 2021 PPP $ of GDP),Carbon dioxide (CO2) emissions from Transport (Energy) (Mt CO2e),Carbon dioxide (CO2) emissions from Waste (Mt CO2e),Carbon dioxide (CO2) emissions (total) excluding LULUCF (% change from 1990),F-gases emissions from Industrial Processes (Mt CO2e),Nitrous oxide (N2O) emissions from Agriculture (Mt CO2e),Nitrous oxide (N2O) emissions from Building (Energy) (Mt CO2e),Nitrous oxide (N2O) emissions from Fugitive Emissions (Energy) (Mt CO2e),Nitrous oxide (N2O) emissions from Industrial Combustion (Energy) (Mt CO2e),Nitrous oxide (N2O) emissions from Industrial Processes (Mt CO2e),Nitrous oxide (N2O) emissions (total) excluding LULUCF (Mt CO2e),Nitrous oxide (N2O) emissions from Power Industry (Energy) (Mt CO2e),Nitrous oxide (N2O) emissions from Transport (Energy) (Mt CO2e),Nitrous oxide (N2O) emissions from Waste (Mt CO2e),Nitrous oxide (N2O) emissions (total) excluding LULUCF (% change from 1990),Total greenhouse gas emissions excluding LULUCF (% change from 1990),Aquaculture production (metric tons),Capture fisheries production (metric tons),Total fisheries production (metric tons),"Water productivity, total (constant 2015 US$ GDP per cubic meter of total freshwater withdrawal)","Annual freshwater withdrawals, domestic (% of total freshwater withdrawal)","Annual freshwater withdrawals, industry (% of total freshwater withdrawal)","Renewable internal freshwater resources, total (billion cubic meters)",Renewable internal freshwater resources per capita (cubic meters),Terrestrial protected areas (% of total land area),Marine protected areas (% of territorial waters),Terrestrial and marine protected areas (% of total territorial area),Adjusted savings: carbon dioxide damage (% of GNI),"Adjusted net savings, including particulate emission damage (% of GNI)","Adjusted net savings, excluding particulate emission damage (% of GNI)",Coal rents (% of GDP),Forest rents (% of GDP),Natural gas rents (% of GDP),"People using at least basic drinking water services, rural (% of rural population)","People using at least basic drinking water services, urban (% of urban population)","People using safely managed drinking water services, rural (% of rural population)","People using safely managed drinking water services, urban (% of urban population)","People using at least basic sanitation services, rural (% of rural population)","People using at least basic sanitation services, urban (% of urban population)",People using at least basic sanitation services (% of population),"People with basic handwashing facilities including soap and water, rural (% of rural population)","People with basic handwashing facilities including soap and water, urban (% of urban population)",People with basic handwashing facilities including soap and water (% of population),"People practicing open defecation, rural (% of rural population)","People practicing open defecation, urban (% of urban population)",People practicing open defecation (% of population),"Mortality rate attributed to unintentional poisoning (per 100,000 population)","Mortality rate attributed to unintentional poisoning, female (per 100,000 female population)","Mortality rate attributed to unintentional poisoning, male (per 100,000 male population)","People using safely managed sanitation services, rural (% of rural population)","People using safely managed sanitation services, urban (% of urban population)",People using safely managed sanitation services (% of population)
2013,DZA,2381740.0,2381740.0,98.3,100.0,99.4,4.84,99.4489898146602,0.48592419435632,-38980000.0,-0.0650859909834697,0.1,22.3802640164928,204.7935,212.9415,5.54330588053039,7.8731,0.0604,38.4627,0.0074,0.0075,60.8518,0.051,0.4893,13.9004,1.09683078702012,0.1093,22.602,33.5557,10.008,9.0599,0.0,-8.148,-8.148,0.0,0.0,145.7032,3.79295442819787,30.1028,0.834857738082584,0.256658904934767,40.2637,0.0018,101.918810188015,1.3615,3.2038,0.0214,0.0713,0.009,1.6308,5.9534,0.016,0.4149,0.5863,81.7887569086079,57.117148624958,2192.75,100973.14,103165.89,21.3233588831643,34.7740070005,3.6219753462,11.247,292.782577554518,7.5,0.1,7.1,2.1857336736429,27.048079435274,27.4191009448441,0.0,0.116859438703444,3.15384901781361,87.6792808600847,95.2847772497058,63.9983903791352,81.6075543776087,77.8994806336244,90.9605874673511,86.9868765719694,73.3325969611003,88.2076091417098,83.6820357274834,4.99412619999998,0.250376399999993,1.69361472865383,0.58,0.45,0.7,53.4768417505281,66.2357407922032,62.3539736036951
2013,ECU,248360.0,256370.0,84.8,99.1,94.2,3.21,51.0102312784799,48.9858997506663,356100000.0,1.5308228011349,11.8,19.8592620729833,93.862615495,71.6484,4.53266399816589,12.849,0.1067,9.7768,0.011,0.0,26.8697,0.0093,0.0678,4.0491,50.1461244880055,0.3083,7.0118,3.9825,3.4899,2.3068,38.60863662,-19.389009855,22.214215495,2.99458873,0.0,40.3491,2.55258893329642,8.1228,0.433132459352307,0.186697755802228,15.123,0.004,129.855703226027,0.333,3.623,0.0213,0.0122,0.0189,0.3164,4.3667,0.015,0.1802,0.1797,62.4033025885153,88.6556568997114,332382.0,509031.0,841413.0,9.39475290760086,13.0369026013,5.5353901996,442.4,27987.3737974413,25.6,13.0,15.4,1.37015668237853,6.88371291894475,7.20624033077621,0.0,0.373993054876864,0.0450469705695697,80.7651391886227,98.012169486211,49.364082396483,73.2733252592171,75.7878077262779,88.2904003761688,83.68006815604,78.5046383469407,92.0169737830605,87.0342988650669,12.1209623283457,1.06397877384438,5.14124134343,0.49,0.35,0.64,53.2851724945236,34.5143697005241,41.4361025542147
2013,MMR,653080.0,676590.0,5.1,40.9,15.3,3.87,27.9555845852384,94.1454931417374,2707940000.0,22.1092423252776,75.6,35.1664986630794,162.275556,112.6617,2.2414592558953,76.446,3.5094,1.0097,0.018,0.0088,84.2641,0.0037,0.0269,3.2415,50.6720547871722,0.1711,2.3568,0.8638,3.9701,0.6748,53.807463,-4.193607,49.613856,0.0,0.0,14.2204,0.282921766692084,2.631,0.276104577699412,0.0606223633564323,3.5131,0.0397,220.828445086184,0.3112,11.8699,0.4804,0.0023,0.0264,0.8366,14.0827,0.0032,0.0934,0.7705,97.3417224853564,67.249889773505,930780.0,1919001.0,2849781.0,1.54986829831957,9.951664201,1.492599891,1002.8,19951.1931899821,7.2,0.1,4.1,0.751920209397103,26.0703082105561,26.962223359768,0.0270369697390516,3.05382023461951,1.59345178892816,61.4537777358201,84.6437595223161,37.9809431156613,69.6716715027455,66.2589468984215,79.9513446408433,70.2923176898012,70.6572313001093,83.0218230017769,74.2994703561755,11.0224635082896,1.0437284852406,8.08302779175736,1.11,0.83,1.39,61.9819566855544,58.5785988897622,60.9794307726959
2013,PHL,298170.0,300000.0,22.4,62.3,42.0,2.87,73.5564531129594,26.5409082454229,9957280000.0,13.2294528738076,33.1,22.7402636854564,184.7619,178.8594,1.75221218755344,49.0334,2.0307,7.6267,0.0696,0.0,68.6071,0.0256,0.1215,9.6995,34.2231708605436,1.2396,6.3505,1.465,12.5161,8.8787,8.6952,-2.7927,5.9025,0.0,0.0,97.4623,0.954798181627522,41.323,0.359701914221964,0.136078236643793,25.5633,0.1261,128.909406061517,2.7708,8.0271,0.2569,0.052,0.101,0.7925,10.6659,0.1347,0.3018,0.9998,37.8682315835736,76.7539074544032,2373386.0,2201842.58,4575228.58,3.20855642609626,8.8493374543,10.7215176383,479.0,4692.56655136995,10.9,1.0,2.4,0.972956850604377,23.2279983710367,23.9549664622746,0.0552783685574472,0.269234847110908,0.0990805691189983,87.0664877586578,95.9466311664148,33.0244518159052,61.040536445342,70.5228472065032,78.9255797809138,74.3799524340426,78.5094653732105,85.2657325344133,81.6107934639617,9.30124036078792,3.19119805580192,6.49654751537404,0.18,0.098,0.25,56.1866453422994,51.0093338147619,53.8101031830165
2013,VNM,313007.33,330960.0,55.2,89.8,66.3,3.91,56.7914544941863,48.6293021944302,6681240000.0,5.54101079798968,37.4,23.2274925075316,265.55144,305.0427,3.36791703638643,77.6513,4.3646,23.4459,0.2263,0.0,118.4129,0.0384,0.1614,12.5251,57.5672615158608,2.9189,12.1844,2.409,45.985,25.7697,13.54475,-54.65779,-39.49126,1.62178,0.0,163.0681,1.80040313071306,44.4628,0.776007630197001,0.216285457963587,29.2996,0.0388,692.612341118429,3.094,16.3561,0.6244,0.0186,0.3219,1.1244,21.3027,1.2831,0.3309,1.2433,135.524279143817,192.121858094617,3221095.0,2623588.0,5844683.0,2.5669692641444,1.4701938315,3.7474094843,359.42,3968.28621441526,6.5,0.6,2.6,2.57353747488683,18.8998309956181,19.2798612453016,0.518047231448515,1.58012929636161,0.329556289592129,88.30825625089,97.1239451060107,42.4176366427726,74.8226263043481,68.1044170894706,90.1114818370221,75.2410877450653,82.4702038746698,92.8294342701256,85.8295981233901,8.22865753358269,1.82483646089736,6.15196228267505,1.02,0.18,1.9,38.9325456456731,40.3475964004027,39.391432155915
2014,DZA,2381740.0,2381740.0,98.4,99.9,99.5,5.09,99.6046200305096,0.60914977740419,137330000.0,0.213769807913826,0.1,24.111122951181,217.7383,225.8863,5.76166614942863,8.4061,0.0542,40.3245,0.0071,0.0095,63.939,0.0559,0.4982,14.5835,6.22578565779943,0.1901,21.5743,35.8453,10.2443,11.011,0.0,-8.148,-8.148,0.0,0.0,155.0108,3.95384969852466,32.6389,0.853207402877832,0.26230011140317,43.5052,0.0019,114.817494072143,1.4601,3.5552,0.0179,0.0773,0.0087,1.6928,6.4506,0.0173,0.4831,0.5983,96.9708998748053,66.6683637029036,2479.89,97683.17,100163.06,21.2011933225557,33.7815557103,2.4145385264,11.247,286.876447055991,7.5,0.3,7.1,2.38158333420533,24.2689260646415,24.6215943642928,0.0,0.184124602857198,3.0569020902826,88.0159576886499,95.3875294742352,64.9591181624415,81.5625780382276,78.1260304700004,90.5778811558751,86.8698424356598,73.582679875735,88.1816016681933,83.8341867486775,4.26798703999998,0.21203487999999,1.41985678656268,0.57,0.45,0.68,53.7962622598443,66.0300925383101,62.3869787491011
2014,ECU,248360.0,256370.0,85.0,99.1,94.2,3.38,50.8269563070847,49.1798321402123,496650000.0,2.04332263638608,12.2,20.2791788990402,93.4865367,73.2237,4.56645673585062,11.4883,0.1052,10.3256,0.0132,0.0,26.1706,0.0104,0.0716,4.1562,46.2395994568527,0.3555,6.9083,4.5168,3.7306,2.1988,38.60863662,-21.34038865,20.2628367,2.99458873,0.0,42.5426,2.6530883078921,8.5719,0.438161853747816,0.188865629916511,16.2568,0.0041,142.351359511453,0.3625,3.6326,0.0208,0.0142,0.0226,0.3411,4.4252,0.0167,0.1955,0.1817,64.5789943469206,92.8035409601247,368492.0,656448.0,1024940.0,9.79178129121991,13.0369026013,5.5353901996,442.4,27589.4342943653,25.7,13.0,15.4,1.40540973534925,6.95801215103952,7.27476736443042,0.0,0.375842676044914,0.0426715913878213,81.6579561121496,98.572033177559,49.8569473671974,73.6604127673598,77.4448363188222,89.0399406041966,84.7800135093502,78.5046383469407,92.0169737830605,87.0526751053362,10.9769552166658,0.832912372219994,4.55973207241416,0.58,0.37,0.79,54.1524053390016,34.2501209807979,41.5620201273653
2014,MMR,653080.0,676590.0,6.5,47.0,18.0,3.93,37.6297761141324,74.3878805000353,1703580000.0,12.0317819055018,72.0,31.2218892689358,167.394036,118.0746,2.32973151575973,77.347,3.5318,1.0672,0.0201,0.0106,85.3406,0.0062,0.0286,3.3291,52.59693699654,0.262,2.9106,0.9425,4.9089,0.7589,53.807463,-4.488027,49.319436,0.0,0.0,17.7393,0.350014366150862,3.9542,0.318413750865454,0.0699118944839254,3.9619,0.0403,300.218843064705,0.3374,12.4368,0.4921,0.0023,0.0302,1.0087,14.88,0.0029,0.1094,0.7977,108.514335360556,75.2855126014492,964255.83,1970550.0,2934805.83,1.67649110397604,9.951664201,1.492599891,1002.8,19786.260245674,7.1,0.1,4.1,0.944190050101304,21.5233671321589,22.3340613509465,0.0251479211009174,4.04551684358372,2.48423798053391,63.3199985821877,85.8562330190748,39.6660953297729,70.0126862452589,66.9381315272653,79.8772673589071,70.7745834946792,70.6572313001093,83.0218230017769,74.323330825894,10.8448612842702,1.01489646947028,7.93027636208138,1.09,0.83,1.36,62.2718335781195,57.8314256307335,60.9552508554782
2014,PHL,298170.0,300000.0,23.2,63.6,42.9,2.89,74.359969972302,25.736972897414,10747900000.0,13.910978229919,32.4,20.3368824432152,196.2464,186.4641,1.79694764613804,48.9504,2.0616,8.1277,0.0725,0.0,68.4743,0.0273,0.1156,9.1191,33.9633604751713,1.5724,7.1854,1.7098,13.0332,9.4145,12.7259,-2.9436,9.7823,0.0,0.0,103.989,1.002138152997,44.2987,0.360881167496332,0.136524358000916,26.6465,0.1287,144.238646398978,2.993,8.892,0.2603,0.0548,0.1051,0.8285,11.6157,0.1431,0.3088,1.0231,50.1454183524424,84.269086639945,2337605.0,2249191.27,4586796.27,3.41284139638324,7.9832234871,10.7944877172,479.0,4616.1053119615,15.3,1.1,3.1,1.0333658165785,23.8648704230468,24.5816902899663,0.0464954919979855,0.34087014925573,0.131768950998499,87.6373369149833,96.1491240154352,33.2416649151586,61.1376127584532,72.1435673814388,79.4455623013117,75.5092773639833,78.5094653732105,85.2657325344133,81.62363319711,8.74808507603393,3.01586439367679,6.10593281874692,0.19,0.094,0.28,57.5228554187501,51.5725608760478,54.7801874013821
2014,VNM,313371.0,331230.0,62.7,91.7,72.1,4.11,56.6464547182493,44.4826656645009,1708330000.0,1.23463687150838,36.7,20.4035064934273,281.09574,320.587,3.49682019696906,77.2932,4.3457,23.6003,0.2459,0.0,118.636,0.0417,0.1506,12.9587,57.8641316714282,2.7306,11.8554,2.3573,51.1315,27.7386,13.54475,-54.65779,-39.49126,1.62178,0.0,178.8301,1.9505990745289,53.0142,0.799659666297117,0.22287765018003,29.9625,0.04,769.225459936326,3.3786,15.6861,0.6205,0.0184,0.3493,1.2307,20.6062,1.1132,0.3303,1.2577,127.823721917566,207.00774062444,3355234.0,2743462.0,6098696.0,2.73182627113386,1.4701938315,3.7474094843,359.42,3920.39326359028,6.5,0.6,2.6,2.71143021067421,19.5372673519623,19.8978313178142,0.383982190620381,1.81737511911996,0.418562328391343,89.2642488235394,97.2917602714388,42.8595058485438,74.927669343125,70.3288001040366,90.9824288081455,77.1682490796006,82.7095987054624,93.0892245672478,86.1468116755869,7.28343017194925,1.54310610384437,5.38252187642022,1.02,0.18,1.9,39.6456771131898,40.4021318530977,39.8961770559997
2015,DZA,2381741.0,2381741.0,98.5,100.0,99.6,5.14,99.6773162010524,0.474606819965697,181520000.0,0.263844879211605,0.1,25.6188658260447,228.0356,236.1836,5.90170863830007,8.6529,0.0591,39.694,0.0077,0.0096,64.1115,0.0634,0.4322,15.1927,6.51237049687998,0.2113,23.51,34.9434,10.8126,12.1895,0.0,-8.148,-8.148,0.0,0.0,164.8621,4.11954123697958,36.7842,0.879293347849759,0.270319669425188,46.4091,0.002,128.469649788731,1.5799,3.658,0.0195,0.0799,0.0094,1.7351,6.6447,0.0195,0.5132,0.6101,102.897798406058,74.266142503822,1332.29,95798.9,97131.19,20.9396756320465,32.8598685605,1.2931948272,11.247,281.037790324819,7.5,0.1,7.1,3.36119311643881,20.3767639660177,20.7297927765948,0.0,0.216908794855198,2.90603072482324,88.3527068622816,95.4903147006729,65.9252110179366,81.5173956448254,78.3515266838853,90.1951856726282,86.7425206949109,73.8327627903698,88.1555941946768,83.9802009180143,3.54184787999998,0.173693359999987,1.15557775102481,0.55,0.44,0.66,54.1144592792904,65.8238371149344,62.4103181974106
2015,ECU,248360.0,256370.0,85.35,99.1,94.3,3.26,47.4412331406551,52.5586897880539,542980000.0,2.092408477842,13.1,20.1729639726852,94.82405237,71.7703,4.41222840579176,10.6531,0.096,10.0864,0.013,0.0,25.1607,0.0106,0.0737,4.2277,40.5963443732293,0.357,6.5961,4.5101,3.1911,2.0056,39.74778444,-21.84432049,23.05375237,5.15028842,0.0,42.2632,2.59821808686404,8.6739,0.434763832585269,0.187400944203128,16.9254,0.0041,140.759708558115,0.4002,3.4279,0.0299,0.0143,0.0222,0.34,4.2282,0.0171,0.1951,0.1817,57.2523058613508,88.9766288205928,426750.4,632571.0,1059321.4,9.8035012807842,13.0369026013,5.5353901996,442.4,27197.4597670941,20.0,13.1,14.4,1.48076804678667,8.00430393809985,8.3307450713889,0.0,0.353777217138995,0.0190291431700831,82.5524819546383,99.1323391960631,50.349812337912,74.0475002755024,79.1066932013161,89.7926433694656,85.8813735545442,78.5046383469407,92.0169737830605,87.0711904160405,9.83294810498592,0.601845970595605,3.98061419407922,0.55,0.34,0.76,55.0220979134379,33.9822098119547,41.6832308490121
2015,MMR,653080.0,676590.0,8.4,53.0,20.9,3.77,41.1094415226647,68.089969947408,1476330000.0,9.24323816679189,70.0,29.9150539220144,170.783121,121.8781,2.38560093966113,78.4939,3.5513,1.0696,0.0212,0.0106,86.5916,0.0068,0.0275,3.4107,54.8338414497859,0.2793,3.2709,0.9465,5.3705,0.6386,53.807463,-4.902442,48.905021,0.0,0.0,19.7351,0.386288210140348,4.858,0.331085339814165,0.0726941072090922,4.3304,0.041,345.246367656349,0.3516,12.8835,0.5003,0.0022,0.0323,1.0574,15.428,0.0033,0.1202,0.8288,116.193492334856,80.9319297578877,999630.03,1970470.0,2970100.03,1.79372544935736,9.951664201,1.492599891,1002.8,19628.469940803,7.1,0.1,4.1,1.09349103584203,22.1130775535448,22.9306829179847,0.0151772971723697,2.93589041143927,3.15576965417731,65.2130065311488,87.0764819617086,41.3804385108114,70.3537009877724,67.6177471155118,79.802497286223,71.2558687447799,70.6572313001093,83.0218230017769,74.3490499677494,10.6672590602508,0.98606445369996,7.77664788229475,1.08,0.81,1.34,62.5618871619119,57.0873475527469,60.9272982411117
2015,PHL,298170.0,300000.0,24.3,65.3,44.2,2.95,74.5634790627692,25.5285937898147,12373880000.0,15.0144758715251,30.8,19.7079275985218,209.5062,196.0662,1.86174750404964,48.401,2.051,8.0978,0.0734,0.0,68.3314,0.0305,0.1247,9.5529,33.6837904144054,1.3769,7.0817,1.6256,13.3577,10.5486,16.655,-3.215,13.44,0.0,0.0,113.1619,1.07452934202078,48.219,0.369272066024652,0.13969870495445,30.821,0.1313,165.783008586836,3.2706,8.1974,0.2583,0.056,0.1066,0.8895,11.9392,1.0188,0.3561,1.0567,54.3270038648967,93.7581528828594,2348159.0,2153987.0,4502146.0,3.54682721350368,9.8725709193,11.4940799296,479.0,4548.34670351024,15.3,1.1,3.1,1.13045456280186,23.2118992131236,23.9109316390168,0.0279728252969464,0.247625799940941,0.13169808513133,88.208162327112,96.3517753408003,33.4588780144122,61.2346890715643,73.7825552175388,79.9671220352473,76.6450187833517,78.5094653732105,85.2657325344133,81.6365346370522,8.19492979127995,2.84053073155172,5.71669968837015,0.15,0.096,0.21,58.8747248064535,52.1387067315684,55.757025337548
2015,VNM,313383.0,331230.0,70.8,93.5,78.0,3.54,65.2261722417115,35.3964190424428,1188050000.0,0.733762784722565,27.8,19.377014054477,304.57354,344.0648,3.70666600418899,77.9288,2.0918,22.388,0.2063,0.0,116.2234,0.0443,0.1598,13.4045,54.6537823333648,3.4114,14.7209,2.2536,33.2866,29.7888,13.54475,-54.65779,-39.49126,1.62178,0.0,200.7053,2.16223081341234,84.0231,0.83886442473079,0.233804629248555,33.1796,0.0413,875.552531168736,3.7482,18.0003,0.742,0.0112,0.2897,1.0918,24.2815,2.5109,0.3481,1.2875,168.458119582523,229.491080038804,3475449.61,2860638.0,6336087.61,2.92270318806945,1.4701938315,3.7474094843,359.42,3872.09006915444,7.6,0.6,2.9,3.37827052897392,15.3847569450526,15.7509342590859,0.200612570512455,1.37935666204485,0.466993735594374,90.2209852567053,97.4596636556835,43.3013750543149,75.032712381902,72.5620655521694,91.8563471990596,79.0852681426575,82.948993536255,93.3490148643699,86.4651354380595,6.33820281031581,1.26137574679137,4.62177821752525,1.02,0.18,1.89,40.3614998083132,40.4565122952945,40.3936219169937
2016,DZA,2381741.0,2381741.0,98.7,100.0,99.6,4.94,99.5295575869403,0.606363649168275,212500000.0,0.299308421482598,0.1,25.5531525527547,225.957,234.105,5.73074340597318,8.5604,0.0604,41.2455,0.0076,0.0092,65.7958,0.0635,0.3125,15.5368,9.31060147927618,0.1743,23.9483,32.0239,10.8909,12.5934,0.0,-8.148,-8.148,0.0,0.0,160.9903,3.94094145853631,36.1718,0.826412965484569,0.254062742752204,45.1858,0.002,123.104021241891,1.748,3.5539,0.018,0.0746,0.0092,1.7611,6.6084,0.0192,0.5584,0.6139,101.789367614278,72.7324644507801,1959.59,100004.86,101964.45,21.105754710521,33.9747444378,1.8841451193,11.247,275.31949803285,7.5,0.085275945,7.10549985987089,3.51039220998213,22.3100737029542,22.6517451179888,0.0,0.175229379443736,2.56694843286828,88.6895283809796,95.593132929019,66.8966689456208,80.1884724203934,78.5759692752794,89.8125010176105,86.6054829474466,74.0828457050046,88.1295867211603,84.1205068750123,2.81570871999998,0.135351839999984,0.900352443004524,0.53,0.43,0.63,54.4314328088663,65.6169745220763,62.4245094541708
2016,ECU,248360.0,256370.0,85.4,99.1,94.4,3.16,39.7869146560246,60.2130853439754,613000000.0,2.24435250613261,14.8,20.7399169622061,96.67666804,70.832,4.29151187396846,10.56,0.0933,10.2131,0.0121,0.0,25.2348,0.0099,0.0763,4.2701,41.0104103220327,0.5427,6.8894,4.5183,2.2063,2.1037,40.88693226,-22.34825233,25.84466804,7.30598811,0.0,40.9719,2.48237230840649,7.6051,0.424399836081084,0.182933639001927,17.1022,0.0042,133.403592323161,0.4559,3.5791,0.0862,0.0146,0.0204,0.3329,4.4543,0.0155,0.225,0.1806,65.6612615293067,86.5060139447686,451395.3,709181.0,1160576.3,9.73605767747835,13.0369026013,5.5353901996,442.4,26803.7730551678,20.03,13.05063954,14.3964327518509,1.4583891400784,9.280755864409,9.60441237251911,0.0,0.404653909314901,0.0089325525577212,83.4487167160883,99.6930875417235,50.8426773086264,74.4345877836451,80.7733783737596,90.5485086719758,86.9839092585989,78.5046383469407,92.0169737830605,87.0895650703843,8.68894099330601,0.370779568971216,3.40408046938648,0.51,0.21,0.81,55.8942502178329,33.7106361939941,41.8001132206569
2016,MMR,652780.0,676590.0,10.4,59.1,24.3,3.8,45.4357310661148,69.2753104374091,2641040000.0,14.772569638662,68.8,31.1703866445543,176.265121,127.3601,2.4732183443059,79.7691,3.5764,1.0471,0.0173,0.0108,87.9366,0.009,0.0309,3.4759,57.2388266533156,0.5061,5.2026,1.1151,3.9064,1.4313,53.807463,-4.902442,48.905021,0.0,0.0,22.9673,0.446004264123355,6.3245,0.363972463436243,0.0799149043960768,4.4396,0.0417,418.168486598682,0.3672,13.8791,0.7274,0.0022,0.0292,0.7247,16.3216,0.0033,0.1104,0.8453,128.715562904627,89.0701337414806,1017614.34,2072390.0,3090004.34,1.89888211799851,9.951664201,1.492599891,1002.8,19473.4721130869,7.17,0.052319647,4.08911261867793,1.34473828063088,15.4766129809088,16.2968021196325,0.0085961203633102,3.43421863242011,2.61215166075448,67.1328015827034,88.3045063502175,43.1239726587769,70.6947157302858,68.2977936631608,79.727034422791,71.7359385456596,70.6572313001093,83.0218230017769,74.3767484704823,10.4896568362313,0.95723243792964,7.6221131560348,1.06,0.8,1.32,62.8521174369312,56.3463646558024,60.8950576944487
2016,PHL,298170.0,300000.0,25.8,67.0,45.7,2.91,75.7932530810489,24.3251318876174,13975490000.0,15.3920173574017,28.6,19.9069716374648,219.8865,207.9818,1.94856793909825,47.8267,2.0178,10.1987,0.0795,0.0,69.7424,0.0382,0.1493,9.4321,36.4442757589868,1.4932,8.621,1.3789,15.4699,8.447,15.4495,-3.5448,11.9047,0.0,0.0,121.2734,1.13620258650246,52.394,0.369336139643904,0.139722944539447,33.3354,0.134,184.834463839462,3.6731,8.8405,0.2554,0.0579,0.1154,0.8978,13.9216,2.2989,0.3718,1.0838,79.9516564766103,105.533485125189,2200912.25,2027025.5,4227937.75,3.76943044750829,10.4747190133,12.0431460792,479.0,4487.71980446396,15.32,1.159055757,3.14138638190187,1.23718068087587,22.9741362799062,23.646479018576,0.0459804255789144,0.251975427702235,0.10602405844169,88.7789639950435,96.5545851425102,33.6760911136656,61.3317653846755,75.439810714803,80.4902589827206,77.7870061557449,78.5094653732105,85.2657325344133,81.6494400926837,7.64177450652573,2.66519706942665,5.328910235352,0.17,0.12,0.22,60.2422535054097,52.7077713813237,56.740602904577
2016,VNM,313387.0,331230.0,77.9,94.9,83.6,3.65,63.6691584331241,36.0290921584165,1077460000.0,0.597059752522706,26.8,20.3304456216218,327.09754,366.5888,3.89987599696285,77.6314,1.8537,21.1617,0.2178,0.0,114.9084,0.0783,0.1957,13.7698,52.9039649663942,3.1425,14.2505,1.9714,36.1575,34.6907,13.54475,-54.65779,-39.49126,1.62178,0.0,224.4548,2.38781404921017,97.4142,0.879302041931851,0.245075225328993,36.7853,0.0426,990.989865603811,4.4434,16.8059,0.7778,0.0115,0.3042,1.1757,23.7001,2.9423,0.3655,1.3172,162.030116752167,251.061020023347,3581579.03,3077941.0,6659520.03,3.11823229224944,1.4701938315,3.7474094843,359.42,3823.61226209963,7.58,0.560849723,2.92944743522906,3.30686564425845,16.2850436323932,16.6424136161346,0.1985839592106,1.21931943193327,0.316021208374894,91.1784655503879,97.6276552587448,43.743244260086,75.1377554206789,74.8042134338672,92.7332370097642,80.9915192718719,83.1883883670477,93.6088051614921,86.7844742143067,5.39297544868214,0.97964538973838,3.86993536998045,0.99,0.18,1.84,41.0800137310417,40.5107377269929,40.8835567268618
2017,DZA,2381741.0,2381741.0,98.7,99.9,99.7,5.01,99.163356047252,0.835473177405351,579110000.0,0.761806414270304,0.1,24.7521457818965,231.0239,239.1719,5.7370093941853,8.3834,0.0659,40.5966,0.0083,0.0091,65.2508,0.0669,0.2727,15.8479,8.40515952392027,0.1745,25.7311,33.2782,12.0314,12.902,0.0,-8.148,-8.148,0.0,0.0,166.5514,3.99506357734631,37.7388,0.842324936448726,0.258954533121655,44.6934,0.0021,130.810720170512,1.9137,3.4443,0.0195,0.0754,0.0101,1.7762,6.5139,0.019,0.5468,0.6226,98.9037833216281,76.4710352806455,4467.31,103875.32,108342.63,20.1722309444787,34.4102466068,1.8256547505,11.247,269.781461185039,7.5,0.1,7.1,3.53584305614986,21.8957750103684,22.2410435246121,0.0,0.206967227527329,2.96806789859693,89.0264222447441,95.6959841592735,67.8734919454939,78.7781854404453,78.7993582441823,89.4298271908221,86.4588237816513,74.3329286196394,88.1035792476438,84.2549579460322,2.08956955999997,0.0970103199999812,0.653890725016731,0.52,0.42,0.61,54.7471828485719,65.4095047597358,62.4295991441614
2017,EAS,24469121.2,24830750.8,56.7215961885179,89.5911395351077,75.6007978467353,5.31122808679969,72.7086162196224,22.3735270286367,703055590000.0,7.01444979735789,13.6095555971822,35.1596789432553,17516.6381212372,18928.699,8.19451496447035,1286.7466,78.2455,891.3438,7.4108,7.7789,2769.8243,4.1178,8.0059,486.1758,34.1237695179412,35.1146,1061.2523,830.4146,3308.4293,1705.4233,683.206527053613,-1901.23036957933,-1353.03967876278,-413.473791003534,400.955209496866,15074.9806,6.52618302588045,6438.594,0.635510251306435,0.358699827692103,1686.6112,9.1413,215.972617683393,461.2603,440.3417,18.7021,1.3311,10.6306,60.1012,655.5874,58.2542,28.4373,37.79,39.2809643796501,157.742978737589,93727117.65,40810721.24,134536316.89,18.8270362064317,13.351556892718,14.6191008903222,10105.555,4392.88483115173,17.1207517457741,16.874752899805,15.4033620166799,2.18380563169427,15.3275079971804,15.6642855272577,0.368003149983592,0.190326417132311,0.185336139344589,86.9575528969357,97.8235702647728,61.6878917639535,85.0509931240375,78.2611890997453,91.3713860110412,86.7525298688292,87.55738669828,94.7919972825248,91.4826984412792,4.55954933644764,0.895344166849456,2.33431839229069,1.20035196709804,0.897479519899078,1.4984829628218,35.5815018713105,71.9904200769472,56.6975690785069
2017,ECU,248360.0,256370.0,85.5,99.0,94.4,3.18,26.3092180365297,73.6950271118722,570190000.0,2.03406820776256,17.0,19.2459328647667,90.20404784,69.1554,4.12633560664838,10.5851,0.0922,9.8694,0.0128,0.0,24.9779,0.0079,0.0802,4.3302,39.5748699408238,0.3889,7.1889,4.3661,2.0966,2.2473,39.087511765,-23.498915135,21.04864784,5.46005121,0.0,39.7641,2.37262775858901,5.2737,0.38868313052875,0.167538282160648,18.1983,0.0043,126.523148438257,0.5108,3.3103,0.0905,0.0143,0.0216,0.3209,4.1914,0.0115,0.2419,0.1805,55.8836655757215,82.0913993217197,485005.0,623124.0,1108129.0,10.3173391491515,13.0369026013,5.5353901996,442.4,26396.9389574963,20.0,13.1,14.4,1.41611455981639,8.08935914195617,8.39792102224454,0.0,0.375864582422932,0.0099993351361004,84.3466603965002,100.0,51.3355422793409,74.65207,82.444891836153,91.3075365117275,88.0877340678835,78.5046383469407,92.0169737830605,87.1079385905201,7.54493388162609,0.139713167346827,2.83002995605464,0.5,0.2,0.79,56.7688622521864,33.4354001269164,41.9124459762847
2017,LMY,77136571.043,78801700.218,38.0559408287799,81.5832883194828,59.3817352047971,5.05354799899495,70.3579385127703,25.8275419905113,826396660000.0,6.37764427845301,23.7676399979481,43.8746488868836,27661.4134145965,29487.7012,4.76791162277363,3558.8976,252.6873,1822.145,14.1024,8.2918,6844.3575,6.0711,17.4063,1164.7562,38.4672608390289,99.3122,1704.0252,1317.4614,4271.6928,2185.0066,3503.15320152399,-4202.08976141388,-1066.34482540354,-577.552627734895,413.044555705851,20503.19,3.31519223020803,8059.2929,0.733263168539418,0.300969178164652,2861.8187,4.5803,185.959989738284,599.2331,1194.0214,51.2135,4.5395,18.8286,141.6878,1619.195,76.14,49.5828,83.1814,55.2890196361259,124.095021750995,103599394.19,67908202.93,170511593.2,9.50534882681889,10.7582686471715,8.61962962347352,27231.83,4388.15912887137,15.1503524668866,7.09857543758416,10.4035955853312,2.58750119437034,13.9006494337288,14.4717788386793,0.418246407762554,0.45946525523261,0.269350105532571,79.05773652569,95.1227282655607,55.3679392279509,75.3981781375968,58.8845967809985,81.6704352515893,69.8858785250517,59.8287986356461,80.5224537811613,68.6659966515236,19.0824807949121,2.30462968935598,11.0588601981666,0.841700881753881,0.636560412352879,1.04230055275334,35.5839108475918,52.5954859458746,44.0106263355202
2017,MMR,652750.0,676590.0,13.3,65.0,27.9,4.14,47.3248254274019,65.0456537442812,2580730000.0,12.4282687214062,59.5,28.1336717956987,192.286721,143.3817,2.76292265731197,82.6158,3.5849,1.0909,0.0253,0.0107,90.9221,0.0098,0.0406,3.5442,62.5771785679162,0.6003,7.0086,1.2306,8.2307,2.6105,53.807463,-4.902442,48.905021,0.0,0.0,33.7349,0.65006147613087,8.0771,0.503703365868343,0.110594647593174,5.9346,0.0424,661.097825106037,0.4132,15.8027,0.8422,0.0023,0.0384,0.8441,18.5486,0.0126,0.1478,0.8585,159.92264790785,112.854710345554,1048692.01,2155440.0,3204132.01,2.01539958017732,9.951664201,1.492599891,1002.8,19323.6573478515,7.2,0.2,4.2,2.03434662879444,14.7480536106374,15.5462987846084,0.0154298627627981,3.96181166359992,2.58866845782587,69.0793837368513,89.5403061846014,44.8966977736692,71.0357304727993,68.9782711702124,79.6508787686109,72.2144177894111,70.6572313001093,83.0218230017769,74.4064213128383,10.312054612212,0.928400422159321,7.46674270042412,1.03,0.77,1.28,63.1425244031775,55.6084769398998,60.8580490867201
2017,PHL,298170.0,300000.0,27.4,69.0,47.8,2.89,75.4275723217124,24.6857793790399,13685970000.0,14.5024584083925,27.8,18.3327018141416,248.4637,226.1787,2.09192880338645,49.7771,2.0275,10.6775,0.0842,0.0,72.5005,0.0432,0.154,9.737,41.840232264224,1.5033,10.1992,1.3602,16.8069,11.2379,25.9306,-3.6456,22.285,0.0,0.0,135.6224,1.25437278109918,59.9229,0.386263878196095,0.14612684933248,34.4552,0.1368,218.535916273651,4.0705,8.9884,0.2625,0.0599,0.1222,0.9345,14.6345,2.7646,0.3772,1.1253,89.1666558949368,123.516175319593,2237787.0,1889154.23,4126941.23,3.82512738658772,8.6218869396,17.3388256488,479.0,4430.27525059658,15.3,1.2,3.1,1.36959797882588,23.3069065622023,23.9286457951043,0.063378916996683,0.296677829690723,0.105639145946104,89.3497419187781,96.7575534205649,33.8933042129191,61.4288416977866,77.1153338732315,81.0149731437316,78.9357627890643,78.5094653732105,85.2657325344133,81.6634253328611,7.08861922177175,2.48986340730158,4.94182792589814,0.13,0.078,0.19,61.6254415156186,53.2797548253138,57.7295074046349
2017,VNM,313403.0,331230.0,83.9,96.1,88.0,3.55,55.2153280947035,45.1716093478926,2587320000.0,1.32019593836106,28.3,18.5797797556674,333.79444,373.2857,3.9220167709256,77.4624,1.7028,20.6958,0.2315,0.0,114.5997,0.0748,0.208,14.2244,52.4931903495244,3.3155,15.1296,2.1411,37.9089,38.1481,13.54475,-54.65779,-39.49126,1.62178,0.0,230.4037,2.42079237292859,93.6763,0.844029605845743,0.235244245973237,40.0402,0.0439,1019.90521787737,5.4194,17.1912,0.8394,0.0135,0.3228,1.1539,23.8111,2.5407,0.3933,1.3565,163.257341234743,257.474256175118,3831777.53,3314293.0,7146070.53,3.33464354962238,1.4701938315,3.7474094843,359.42,3776.33342987979,7.6,0.6,2.9,3.26180055310313,17.210928305982,17.5542910120513,0.239326243334299,1.4993699534365,0.279611337213359,92.1366897045875,97.7957350806227,44.1851134658572,75.2427984594559,77.0552437491308,93.6130982402593,82.8857598257307,83.4277831978403,93.8685954586142,87.1043052297417,4.44774808704869,0.697915032685387,3.12731938913245,0.95,0.17,1.77,41.8012188813756,40.5648081481928,41.3658410924568
2018,DZA,2381741.0,2381741.0,98.8,100.0,99.7,5.27,98.9773423946363,1.01960528547017,664660000.0,0.866989290792168,0.2,24.9335900639775,239.7553,247.9033,5.83232786421656,8.2959,0.0802,40.0585,0.0089,0.0125,65.285,0.0692,0.2531,16.5067,8.46197808332059,0.2589,30.5384,31.9099,12.7468,15.2836,0.0,-8.148,-8.148,0.0,0.0,174.8357,4.11329387212597,38.6359,0.872014149432306,0.268081837745125,45.4601,0.0021,142.291291628383,2.1123,3.6592,0.0235,0.0745,0.0102,1.784,6.7725,0.0194,0.5658,0.6359,106.800207639928,82.9134275409797,5108.42,115057.99,120166.41,20.4546421777015,34.4102466068,1.8256547505,11.247,264.603946332476,7.49506002830462,0.0854831025889078,7.10549311732352,3.80374219197939,20.5855700722986,20.9413488999051,0.0,0.104094347857166,4.64378704706283,89.363388453575,95.7988683914364,68.8556800175559,77.3652960487784,79.0216935905944,89.0471641922627,86.303094189528,74.5830115342742,88.0775717741272,84.3839771689143,1.36343039999997,0.0586687999999924,0.415795120796171,0.51,0.41,0.61,55.0617093984073,65.2014278279127,62.4260865881791
2018,ECU,248360.0,256370.0,85.6,99.0,94.5,3.1,27.4185275108573,72.5790787538898,546300000.0,1.86813938378415,16.3,18.386683414634,86.42712764,70.1745,4.11591580702995,9.8846,0.0888,9.614,0.0126,0.0,24.0921,0.008,0.0821,4.402,34.6250775325916,0.4783,6.5973,4.0424,3.0357,2.2736,37.28809127,-24.64957794,16.25262764,3.61411431,0.0,41.3717,2.42655713961198,5.7794,0.400217524176925,0.172510076266945,19.1607,0.0043,135.681122928547,0.5781,3.5876,0.0179,0.0125,0.0213,0.3574,4.4262,0.0122,0.2351,0.1823,64.61618565903,84.774766709498,581450.0,597754.0,1179204.0,10.4250826624474,13.0369026013,5.5353901996,442.4,25947.9034838873,21.6861189348777,13.3461718314051,14.955139706334,1.50339681786201,4.28266426780265,4.57898596605626,0.0,0.318999357333842,0.0183213291864609,85.2463129958733,100.0,51.8284072500554,74.65207,84.1212335884956,91.9703837145807,89.130641596456,78.5046383469407,92.0169737830605,87.1283478110848,6.40092676994618,0.0,2.31579134303695,0.88,0.38,1.37,57.6459340164982,33.0601479676969,41.9550403884084
2018,MMR,652700.0,676590.0,16.5,70.3,31.9,3.91,42.4290738569754,70.1940914419695,2703890000.0,12.6794372801876,59.4,31.5559916967562,168.557221,119.6522,2.28901963981001,64.8507,3.5974,1.1553,0.0257,0.0106,73.1173,0.0092,0.0423,3.426,30.7405387524474,0.9248,7.065,1.1024,8.4793,2.1749,53.807463,-4.902442,48.905021,0.0,0.0,33.5019,0.640911801629649,7.6111,0.470715861759984,0.103351810560404,6.1012,0.0432,655.841079324971,0.4264,10.129,0.8519,0.0021,0.0394,0.771,12.8358,0.0146,0.1552,0.8726,79.8688377567893,77.6275101579097,1131570.45,2036869.0,3168439.45,2.14174220293449,9.951664201,1.492599891,1002.8,19184.1762608751,6.37050102009697,2.32704768669274,4.61941895301145,1.9809477846587,16.5788051010062,17.4163944154274,0.02945886790351,2.0518344792042,3.24961569445266,71.0527529935931,90.7838814648606,46.6986138554885,71.3767452153127,69.6591796366667,79.574030323683,72.6910428346126,70.6572313001093,83.0218230017769,74.4382008519547,10.1344523881925,0.899568406389001,7.31051720167131,1.03,0.78,1.28,63.4331080606509,54.8736844050394,60.8157225536331
2018,PHL,298170.0,300000.0,29.5,71.1,49.9,2.8,76.6178180505994,23.4897057054649,14051270000.0,14.0845094422838,27.6,20.5885077839401,279.5724,232.3335,2.12243996583136,49.7098,2.0311,10.8089,0.0776,0.0,72.7733,0.0459,0.1544,9.9455,42.3739391401998,1.3916,10.6772,1.3944,14.3872,12.0668,51.5264,-4.2875,47.2389,0.0,0.0,141.3123,1.29093253096756,65.6163,0.378468651817037,0.14317785012519,35.6394,0.1395,231.899767009263,4.5529,8.7181,0.2587,0.0615,0.1126,0.9415,14.3581,2.7052,0.3823,1.1781,85.5938885513747,129.598522401157,2304360.74,1822063.71,4126424.45,4.05151920934696,8.6814718692,17.5663949602,479.0,4375.81641749133,15.3166593209145,1.15906292876311,3.14140839390029,1.41447534301083,21.6589314859067,22.2619003691315,0.0696404953218149,0.198451064762095,0.166364708759932,89.9204960983158,96.9606801749644,34.1105173121726,61.5259180108978,78.8091246928243,81.5412645182803,80.0906894479524,78.5094653732105,85.2657325344133,81.678627497488,6.53546393701777,2.31452974517651,4.55555037426626,0.14,0.096,0.18,63.0242888370802,53.8546570635384,58.7230897168458
2018,VNM,313429.0,331240.0,89.1,97.1,91.7,3.9,60.8357409690657,39.5259564601314,2834200000.0,1.30389576930863,24.3,20.1630176303186,391.19314,430.6844,4.47523273170151,76.7778,1.5433,22.7027,0.3025,0.0,116.3049,0.082,0.2117,14.6849,54.7622310903292,3.3382,15.0612,1.835,60.0704,41.1209,13.54475,-54.65779,-39.49126,1.62178,0.0,283.8603,2.94958653201883,120.5426,0.967622187616555,0.269691430651584,41.8466,0.0452,1279.73752642963,6.1154,17.2905,0.8489,0.0166,0.4226,1.4691,25.3828,3.5458,0.4031,1.3863,180.634176543428,312.441691541431,4192822.5,3346179.0,7539001.5,3.58357491921576,1.4701938315,3.7474094843,359.42,3734.72581878554,7.57677987501149,0.560890835455187,2.92950692092655,3.80223605283394,18.4803426029682,18.8058495319677,0.284155949812884,1.38164260046733,0.383369129367597,93.5137380442966,98.1214522439473,44.6269826716283,75.3478414982329,79.3151564979604,94.4959308905451,84.7679404136642,83.667178028633,94.1283857557364,87.4247409291133,3.50252072541525,0.416184675632508,2.39393978225617,0.93,0.17,1.73,42.5251152593156,40.6187235588946,41.8403593515677
2019,DZA,2381741.0,2381741.0,98.8,99.9,99.7,5.4,98.9721070578711,1.03039521134362,688040000.0,0.843951622795182,0.2,24.3886086444981,246.2564,254.4044,5.87613044839412,8.3531,0.0863,39.0517,0.0092,0.0127,64.7637,0.0714,0.2606,16.9188,7.59591039281229,0.2063,32.7835,33.7069,13.9341,15.9697,0.0,-8.148,-8.148,0.0,0.0,181.6493,4.19566242824212,39.4432,0.897916552588251,0.276044969816527,45.6034,0.0022,151.733733558945,2.2897,3.6641,0.0268,0.0767,0.0105,1.8164,6.8313,0.0197,0.5668,0.6504,108.59568231091,87.7102111408216,4835.47,100553.1,105388.57,20.6387339573008,34.4102466068,1.8256547505,11.247,259.778679744095,7.5,0.1,7.1,4.16749296512334,18.5482921427742,18.9066363918107,0.0,0.142246577676085,4.23642792336282,89.7004270074722,95.9017856255076,68.5053702682458,75.9498042453933,79.2429753145156,88.6645120219326,86.1385043463065,74.833094448909,88.0515643006107,84.5075609540377,0.637291239999968,0.0203272799999894,0.185741474927116,0.5,0.4,0.6,55.3750124583727,64.9927437266072,62.4141342403042
2019,EAS,24469195.9,24830587.67,63.4612640447265,91.663387779209,80.0655677543406,5.19891935591211,69.9407728964424,24.1127084691384,1004007420000.0,9.21126314620797,14.2598277749117,30.8216056225803,19115.4814966481,20033.1811,8.57518709776813,1229.6736,66.843,998.6585,6.8772,8.9014,2837.552,4.8522,8.5403,513.2061,37.4033618100517,36.0477,942.3271,946.2881,3485.6643,1835.3369,695.80549790035,-1914.54052909806,-857.983703351938,-376.710567266476,859.364534803298,16047.7668,6.86923370404473,7012.3531,0.620909971904735,0.347636201082025,1780.3173,9.432,236.362282533793,516.1096,433.81,17.2917,1.2362,9.9381,64.5315,666.5879,69.5802,31.356,38.8445,41.6178513913734,172.782179604819,98016929.46,39788779.57,137804179.03,20.5801612578509,14.5061078085918,13.7566149271992,10105.555,4343.56958890041,16.6221512862724,16.8227795011737,15.4236188353157,2.26189805106868,13.3179000787612,13.6583655765795,0.321035105093715,0.147825006259332,0.273610387520748,89.1053322104056,98.0619514692962,62.8874384642245,86.0814574166742,82.4561144535737,93.2179732906463,89.5755396594207,87.643027322842,94.7252622322274,91.621900170431,3.63193215636636,0.71257169625599,1.81104384801509,1.12321506314701,0.841689065759329,1.39995411627956,39.3009259569753,76.353034066823,61.4222695969831
2019,ECU,248360.0,256370.0,85.7,99.0,94.4,3.27,21.8102406839513,78.2558622185051,599340000.0,1.85651891088189,17.7,17.769931645036,86.34112764,70.0885,4.04200779226277,10.1094,0.0856,9.856,0.0131,0.0,24.6278,0.0077,0.0834,4.4726,37.6185340612549,0.4256,6.619,4.1505,2.8031,2.2307,37.28809127,-24.64957794,16.25262764,3.61411431,0.0,40.8262,2.35444928238553,5.136,0.394288352514156,0.169954361451988,19.457,0.0044,132.573586797386,0.6374,3.4496,0.0171,0.013,0.0221,0.3581,4.2953,0.0117,0.2388,0.1849,59.7478429038976,84.5483222042003,695850.0,608160.22,1304010.22,10.4423261174524,13.0369026013,5.5353901996,442.4,25513.2332308017,21.7,13.3,15.0,1.52686085519039,5.10317501392664,5.3939730180651,0.0,0.276947616236113,0.0174551929671252,86.1476745142081,100.0,52.3212722207698,74.65207,85.8024036307878,92.3676458588694,90.0032406646583,78.5046383469407,92.0169737830605,87.1506423235772,5.25691965826627,0.0,1.89322713092616,1.07,0.59,1.55,58.5254655107682,32.5434610288684,41.9006209838432
2019,LMY,77136471.446,78902335.439,43.1350563135186,83.3651687328454,63.1706939487529,4.95530691729794,67.9146634989858,27.6040224037912,1200309710000.0,8.46278935558952,24.3350858902724,39.2122422571091,29488.4446930283,31010.6395,4.89117810854846,3575.4282,242.6587,1923.5675,13.8935,9.4763,7013.2299,6.748,18.1232,1223.3338,41.883695275616,104.7249,1609.5354,1448.01,4451.9748,2346.7383,3507.09526469416,-4300.77194855203,-745.17013697167,-629.425379535788,873.013410229899,21725.1949,3.42662387529379,8749.8196,0.711171473293098,0.292370769479979,3009.4751,4.9161,203.003411208998,684.9376,1222.1992,50.1459,4.6307,18.2882,146.0664,1669.5505,89.2568,52.8563,86.1091,60.1183054912561,135.668758514983,110684763.49,67748524.89,177522049.2,10.3762065082288,11.3924055108496,8.18244230228958,27231.83,4280.68007109081,14.9748439804796,7.54135189771411,11.0983472771991,2.75024806188462,12.5730369734399,13.1347649528457,0.366148177636128,0.32773976490642,0.396918371068851,80.4813672902902,95.3931408537557,57.5542514645484,75.9829801356364,62.3735387900429,83.1693314839386,72.6380237780679,61.8109091150563,80.9151350589692,70.0990219813172,16.2102003803635,1.76974193419832,9.1411987531552,0.817540224217859,0.620419411558296,1.01286768100213,38.8122359397286,55.3395570368279,47.1778144975187
2019,MMR,652700.0,676590.0,20.5,74.9,36.1,3.67,44.464905819215,69.6768388929812,2725780000.0,14.3416815742397,58.5,32.1642279603857,168.690921,119.7859,2.27553718734775,63.857,3.6091,1.3222,0.0262,0.0106,72.3699,0.0073,0.0438,3.4938,29.404117978382,0.8219,7.2283,1.1163,8.9261,2.3966,53.807463,-4.902442,48.905021,0.0,0.0,34.372,0.65295468167386,7.4837,0.453129261810983,0.0994904430264208,6.3552,0.0439,675.471527840448,0.4513,9.9754,0.8644,0.0021,0.0404,0.856,12.8264,0.0396,0.1607,0.8878,79.7371149911718,77.8259920755686,1082198.64,1951120.0,3033318.64,2.28264977983096,9.951664201,1.492599891,1002.8,19049.893948055,6.4,0.5,3.8,2.25550436955916,20.5432342017307,21.3898955126239,0.0340926780571958,1.83230053753397,3.23186360116772,73.0529093529281,92.035232190995,48.5297209042347,71.7177599578262,70.3405190625235,79.4964890880072,73.1653187541976,70.6572313001093,83.0218230017769,74.4719549274603,9.95685016417315,0.870736390618681,7.15360239273546,1.01,0.76,1.26,63.7238684093513,54.1419870512211,60.7676663392125
2019,PHL,298170.0,300000.0,31.9,73.4,52.3,2.66,79.2108712667742,20.9368263218944,14176620000.0,13.3689987834894,26.9,21.5254371973976,287.3926,240.1537,2.16736056182752,48.5953,2.0377,11.9154,0.0754,0.0,72.9993,0.0471,0.1647,10.1636,42.8160863321739,1.2345,11.3243,1.5581,13.3347,11.9678,51.5264,-4.2875,47.2389,0.0,0.0,147.8971,1.33475495796509,71.4293,0.373265970877315,0.141209632498022,36.9062,0.1423,247.365466639109,4.9803,8.519,0.2606,0.0643,0.1094,0.9624,14.9546,3.4342,0.389,1.2158,93.3042927497641,137.326664769268,2358238.38,1830848.66,4189087.04,4.60755484165968,9.6567871271,11.4902469084,479.0,4322.92198336058,15.4,1.2,3.1,1.43047637226533,19.3197761250478,19.9159312935531,0.0549027596736656,0.168695263776435,0.153193275613716,90.4912265336563,97.1639654057088,34.3277304114261,61.6229943240089,80.5211831735814,82.0691331063667,81.2510265893959,78.5094653732105,85.2657325344133,81.6949782681515,5.98230865226355,2.13919608305144,4.1703195430636,0.23,0.16,0.29,64.4387954697945,54.4324780959979,59.720917289445
2019,VNM,313429.0,331310.0,92.5,97.9,94.2,4.09,69.0608318129603,30.8673770187175,6972010000.0,2.94445992972498,20.4,20.8317868906878,447.12674,486.618,5.007709075749,74.6935,1.3204,24.5548,0.3467,0.0,116.2732,0.0916,0.2175,15.0486,54.7200491811786,2.8962,15.1043,1.9879,73.9721,47.4515,13.54475,-54.65779,-39.49126,1.62178,0.0,338.946,3.48803981847942,153.9199,1.07619793287866,0.299953188234807,43.5676,0.0466,1547.48827375021,6.9045,16.2774,0.8639,0.0174,0.4853,1.6876,25.4976,4.3249,0.4199,1.4212,181.903414116398,366.006084860534,4373747.0,3440531.31,7814278.31,3.8472996116098,1.4701938315,3.7474094843,359.42,3698.73452277907,7.6,0.6,2.9,4.32087749801185,18.2520295619832,18.5732540578692,0.213109891442586,1.18372940985562,0.35996993743116,94.453907283593,98.645093213333,45.0688518773995,75.4528845370098,81.5839516803558,95.3817349606214,86.6378024979776,83.9065728594256,94.3881760528585,87.7457732686581,2.55729336378181,0.134454318579515,1.6698558926247,0.92,0.17,1.71,43.251702864861,40.6724839590981,42.3069860900175
2020,DZA,2381741.0,2381741.0,98.9,99.9,99.7,5.4,99.086602236119,1.06210599456762,791710000.0,1.00020213505148,0.1,25.5526558310447,232.984,241.132,5.4750352339084,8.5236,0.0826,35.4388,0.008,0.0117,61.5791,0.07,0.2339,17.2105,2.3051389230391,0.1575,31.6119,33.4263,13.2918,14.409,0.0,-8.148,-8.148,0.0,0.0,171.8931,3.90292776971012,38.5285,0.894410909058554,0.274967235744744,40.4659,0.0022,138.213369586457,2.4704,3.5455,0.0245,0.0795,0.0086,1.4973,6.3385,0.0192,0.499,0.6647,93.5478945922013,77.9172790753957,5435.99,71518.72,76954.71,19.6067972594357,34.4102466068,1.8256547505,11.247,255.369346564404,4.6,0.1,4.4,4.90745264478265,13.901686050324,14.2817852879805,0.0,0.155457100051892,4.83849619936078,90.0375379064358,96.0047358614873,65.8380593469355,74.5317100302898,79.4632034159457,88.2818706798316,85.9654695730295,75.0831773635438,88.0255568270942,84.6259803246641,0.0,0.0,0.0,0.43,0.38,0.49,55.6870920284678,64.7834524558191,62.3941102109738
2020,EAS,24469416.703,24830629.419,66.7305746365317,92.4767172243426,81.808261845558,5.27192964874103,68.5645736735257,25.3518523258856,1135289920000.0,10.1936055295837,14.7357084471391,28.8820060378253,19137.5202817821,20045.5688,8.54510189455843,1245.1636,64.5091,980.0934,6.7199,8.9716,2845.1785,5.0928,8.1193,526.5088,37.7726613819518,35.4035,929.3577,915.4149,3523.7823,1878.8707,699.665629370073,-1926.2339089717,-856.296118217937,-371.093452440932,859.446557188578,16029.3684,6.83306059558734,7089.5632,0.621694695841819,0.348132955934362,1647.9281,9.0476,235.976650819668,544.5189,431.0004,16.7116,1.0589,9.7403,62.2462,662.2276,71.3163,30.689,39.4657,40.6915225861827,172.950856950141,99957970.96,38539612.35,138496058.31,21.1620110874106,15.1492417499068,12.4624087227821,10105.555,4325.56360227855,17.0904948698209,17.0391969786142,15.5451685124365,2.26820161921148,12.5900055818652,12.9459240620605,0.259752380789557,0.146375438250338,0.220047048539342,90.1397963818402,98.1687462558513,63.4111057549545,86.5884530777667,84.5406040337882,94.1297412075271,90.9430631986434,87.6883962310621,94.6901839793322,91.7034340923435,3.17126139903333,0.628666277071073,1.56450804139527,1.07438345885503,0.791126516901136,1.34781885856709,40.6281492217211,76.664873263247,62.4375829269841
2020,ECU,248360.0,256370.0,85.5,99.0,94.4,3.12,20.2508960573477,79.7156938044035,576560000.0,1.84511008704557,20.2,16.6570210758922,80.79912764,64.5465,3.6786880705161,10.5388,0.0797,8.9186,0.0131,0.0,24.1564,0.0073,0.0672,4.5318,34.9843817229837,0.4768,5.9906,4.2112,2.6598,1.9907,37.28809127,-24.64957794,16.25262764,3.61411431,0.0,35.7125,2.03535664549288,4.5453,0.380036353810004,0.163811168725818,15.8337,0.0045,103.442500612393,0.6979,3.5256,0.0152,0.0135,0.0222,0.3094,4.2819,0.0109,0.1976,0.1874,59.2494793216305,69.9558169907105,774588.55,636338.68,1410927.23,9.47692300384796,13.0369026013,5.5353901996,442.4,25213.6305205754,22.4,13.3,15.1,1.56165125718072,6.07757543603542,6.39644596809167,0.0,0.352870526886709,0.0086762717011158,87.0507449515047,100.0,52.8141371914843,74.65207,87.4884019630295,92.764908003158,90.8741257753774,78.5046383469407,92.0169737830605,87.1749641493184,4.11291254658636,0.0,1.4738212273,1.12,0.49,1.75,59.4074567349967,32.0581148271567,41.8584793645654
2020,LMY,77133374.262,78897832.059,45.8491541917348,84.0828462120383,65.0014609953229,5.02507201833194,66.830600331147,28.8923816299134,1387407920000.0,9.7027440616942,25.2624895725564,35.3460845675032,29309.7601119899,30715.3456,4.78927696212422,3644.7908,242.664,1824.5557,14.0807,9.5289,7011.8261,7.0395,17.1426,1252.0251,41.85529518974,109.0973,1610.7199,1377.945,4455.9354,2391.3718,3564.98405875851,-4299.94446259008,-710.994118010056,-656.909650483412,874.540470023775,21367.6938,3.3317484029893,8683.8493,0.707460480532309,0.292595846419452,2733.8872,4.8878,198.017308515347,728.3735,1251.3133,48.9402,4.3881,18.5352,142.3785,1691.6357,88.6105,49.9497,87.5199,62.2364222400053,133.42464011136,113694207.7,66220248.71,179028668.65,10.3792272487658,11.7779708547389,7.53834103509066,27231.83,4231.73154363564,15.1777444095103,9.59034939272229,11.2862576493214,2.82365887925235,12.3570820889194,12.9482010210106,0.30396927971066,0.362083021242678,0.322719596436297,81.1787087317971,95.4999485724494,58.6256999444701,76.2370326555957,64.0560008977911,83.8889057452518,73.9386723449595,62.5500685043069,81.077225691858,70.6949377456378,14.8218943148378,1.52323289205922,8.24074418509115,0.785029970875019,0.593092758907218,0.974561625052444,40.2408530891811,55.8607608645227,48.2281983540996
2020,PHL,298170.0,300000.0,34.2,75.4,54.6,2.78,78.7627143629306,21.3903690236352,14573770000.0,14.322411675102,29.1,20.2887417122616,276.5887,229.3498,2.04628134814754,49.1485,2.0481,11.4898,0.0565,0.0001,73.3078,0.0482,0.1372,10.3795,43.4196368132535,1.4984,11.3903,1.1936,10.8394,10.1982,51.5264,-4.2875,47.2389,0.0,0.0,135.8002,1.21162266692496,72.0799,0.378789884895803,0.143299375280274,28.4553,0.1451,218.953514590105,5.416,9.145,0.2672,0.0652,0.0823,0.8555,15.5179,3.5668,0.2929,1.243,100.585551232501,126.649945845093,2322831.42,1914918.37,4237749.79,4.09832900184873,10.2798866852,12.1558606935,479.0,4273.68485066335,15.4,1.2,3.1,1.44045236723713,12.9361499491434,13.6207770128426,0.0455449547968138,0.190645713845517,0.115070223869134,91.0619332247999,97.3674091127979,34.5449435106796,61.72007063712,82.2515093155028,82.5985789079908,82.4160477401007,78.5094653732105,85.2657325344133,81.7124760653887,5.42915336750957,1.96386242092638,3.78632828487966,0.18,0.11,0.25,65.8689614137615,55.0132179226919,60.7224705035015
2020,VNM,313429.0,331340.0,95.2,98.5,96.0,4.03,64.5557864576609,35.7344713706839,12913970000.0,5.37810936985936,18.9,20.8010641731194,457.92554,497.4168,5.07158343098487,73.659,1.0226,22.9687,0.376,0.0,113.8255,0.0875,0.1838,15.5279,51.4629936913429,2.569,14.5383,1.7845,95.5738,50.0429,13.54475,-54.65779,-39.49126,1.62178,0.0,352.0639,3.58958813190048,150.8808,1.08671024420408,0.302883133741524,36.6267,0.0479,1611.24942280118,7.7249,15.7416,0.7973,0.0149,0.5326,1.7664,24.8377,4.1769,0.3501,1.458,174.607509287104,376.347474840337,4681434.95,3506056.76,8187491.71,3.95754064287539,1.4701938315,3.7474094843,359.42,3664.5897701175,7.6,0.6,2.9,4.51533212792581,19.8871574483186,20.2118201630398,0.164958115590481,1.13182111178626,0.247961395343541,95.3799631127256,98.8268212255212,45.5107210831706,75.5579275757868,83.8616292963171,96.2705104504885,88.4951079600396,84.1459676902182,94.6479663499807,88.0674163961593,1.61206600214814,0.0,1.01012056337186,0.84,0.15,1.56,43.9809816980125,40.7260893488035,42.765605961249
