year,country,"Foreign direct investment, net outflows (BoP, current US$)","Personal remittances, paid (current US$)","Foreign direct investment, net inflows (BoP, current US$)","Portfolio equity, net inflows (BoP, current US$)","Personal transfers, receipts (BoP, current US$)","Personal remittances, received (current US$)",Market capitalization of listed domestic companies (current US$),Market capitalization of listed domestic companies (% of GDP),"Listed domestic companies, total","Stocks traded, total value (current US$)","Stocks traded, total value (% of GDP)","Automated teller machines (ATMs) (per 100,000 adults)","Commercial bank branches (per 100,000 adults)","Borrowers from commercial banks (per 1,000 adults)",Domestic credit to private sector by banks (% of GDP),Bank liquid reserves to bank assets ratio (%),Total reserves in months of imports,Monetary Sector credit to private sector (% GDP),Broad money (% of GDP),"Inflation, consumer prices (annual %)","Claims on central government, etc. (% GDP)","Account ownership at a financial institution or with a mobile-money-service provider, poorest 40% (% of population ages 15+)","Account ownership at a financial institution or with a mobile-money-service provider, richest 60% (% of population ages 15+)","Account ownership at a financial institution or with a mobile-money-service provider, female (% of population ages 15+)","Account ownership at a financial institution or with a mobile-money-service provider, male (% of population ages 15+)","Account ownership at a financial institution or with a mobile-money-service provider, older adults (% of population ages 25+)","Account ownership at a financial institution or with a mobile-money-service provider, primary education or less (% of population ages 15+)","Account ownership at a financial institution or with a mobile-money-service provider, secondary education or more (% of population ages 15+)","Account ownership at a financial institution or with a mobile-money-service provider, young adults (% of population ages 15-24)",Account ownership at a financial institution or with a mobile-money-service provider (% of population ages 15+),Net migration
2011,BGD,297434389.821033,11612731.7063982,1264725163.33408,50246309.3272446,12053855504.6773,12071073184.1576,47699530000.0,37.0892339567701,433.0,2224437040.0,1.72963267769442,3.71,7.98331431812774,90.508636021614,42.2589898898135,10.9296797388713,2.78355229779506,42.4702411629772,59.8117683130297,11.3951651552399,16.3528707548834,19.06,40.18,26.01,37.29,36.76,21.06,42.51,20.32,31.74,-848910.0
2011,BRA,16067117026.88,1123817121.58,102427228231.42,7173947294.34,2549924932.93,3214602242.94,1228936230000.0,46.9748793568448,366.0,824916470000.0,31.5316211791756,116.31,19.1135004934078,233.720946264748,58.0784911048748,25.2541624176836,10.5265784637235,58.0784911048748,76.825275137052,6.6364496221309,27.6516314856354,37.53,68.08,51.02,61.1,61.99,47.15,63.83,36.34,55.86,-235860.0
2011,COL,8419825464.74,222951899.993537,14647048638.4496,2271919470.31647,4064095892.35588,4101315891.06111,201295530000.0,60.0942928506047,79.0,25946340000.0,7.74595915945753,32.51,14.8541664269339,189.373556477124,34.9314181421913,7.62142508991518,4.63778352646321,34.9599738877775,39.6524715556766,3.4150334477625,17.2127873808157,13.84,41.48,25.35,35.94,36.33,15.75,35.03,12.77,30.43,-46385.0
2011,CRI,405051998.483417,290543358.308025,2733268839.98155,8551683.57709153,487048673.310912,520219673.310912,1498420000.0,3.5040421302319,9.0,36830000.0,0.0861266344926261,51.78,22.7616703625001,193.914764736842,45.4706340602883,20.2210295486779,3.35870933113928,45.4706340602883,49.3301997156756,4.87799830970702,11.1974111795687,35.48,60.2,40.66,60.2,52.25,35.82,59.48,45.02,50.36,1695.0
2011,EGY,625500000.0,292900000.0,-482700000.0,-711300000.0,14324300000.0,14324300000.0,48849670000.0,20.6999185106848,231.0,15897550000.0,6.73654478156225,9.22,4.41874298480481,73.9616319136392,31.1549232899382,16.7618206272571,3.28531568230902,31.1549232899382,75.7939119305135,10.0649259874818,36.6044844851308,4.66,12.93,6.52,12.81,10.62,5.37,13.39,7.81,9.72,126170.0
2011,IDN,9036543464.81557,3163740018.45565,20564938226.7185,-326105110.985514,6735872884.41679,6923970511.39839,390106890000.0,43.6864935215775,440.0,105475470000.0,11.8117714784282,16.45,14.4171118214324,286.702207426787,26.8785415281316,32.9148833433735,6.05969044940622,26.9592668237629,36.7380019918479,5.3560477898215,5.13996546233263,10.97,25.29,19.21,19.97,21.62,10.19,29.38,12.82,19.58,-40543.0
2011,KEN,85989458.2885586,25857336.9057456,1450474757.0818,20122784.6643222,934149203.154614,934149203.154614,10202610000.0,21.7681345962969,58.0,917250000.0,1.9570307459026,8.99,4.96662661654739,81.968283188319,27.2306067577671,9.23141036686968,3.05887618096076,27.3659528452877,36.5694357157819,14.0224913014704,7.55935922160862,19.44,57.53,39.18,45.65,43.53,19.44,62.82,40.27,42.34,-44795.0
2011,LAC,38049689816.354,4445321875.78816,170381989378.867,2832798476.66214,57722020356.5341,59720995563.1286,1970886850000.0,39.9024464095306,933.0,958575420000.0,19.4072553307884,27.05,12.8782281510478,146.965664757006,40.0926530130934,22.9650989789331,8.16708244333016,40.0691024606551,54.3812877465128,5.1289237668161,19.9157213842648,24.02,50.08,34.91,44.21,43.97,30.19,45.7,26.16,39.39,-742619.0
2011,LCN,142324687978.631,6753421907.0756,293694504843.371,7489254374.49549,59160013804.9324,61404936550.2868,2258701050000.0,43.1390504778795,1265.0,1010285770000.0,19.2955012037177,31.0,13.5821356763789,168.819049214585,40.3373186764961,20.2210295486779,7.78168313903712,40.3880594249442,54.1735905248009,4.9777356370697,18.1145424066105,24.14,49.97,35.11,44.16,43.89,29.95,45.94,26.6,39.47,-818815.0
2011,LMY,157755916987.16,49113937233.9774,668374665687.99,14929833928.0846,272213034267.85,329969165785.201,9361552405558.95,46.0045272479698,14823.0,9514861242479.42,47.2650364303992,11.94,6.32874806670587,48.276091661885,69.9127668167323,20.3269949272424,16.4408332520572,69.9309362025529,101.16608133128,6.16077553828671,12.1256884847833,29.92,49.63,36.92,46.48,44.82,35.02,52.63,31.33,41.66,-5167290.0
2011,MIC,156388494523.736,46058091832.9887,651721133925.781,14732263192.9568,265054485617.128,322228072852.48,9361552405558.95,46.0045272479699,14823.0,9514861242479.42,47.2650364303992,21.37,8.23272511070591,97.5869348242755,70.8727843467748,20.4329603058069,16.4883409878178,70.8905463736011,99.4024162462883,5.801455370853,12.2192178993754,31.15,51.54,38.46,48.26,46.29,36.67,54.11,33.28,43.33,-4618770.0
2011,NGA,816759862.410243,75506157.7661904,8841062050.77261,2570808286.61955,20436320974.7716,20616772500.8206,39028390000.0,9.41653266274502,196.0,3871930000.0,0.934195730668427,11.94,6.32874806670587,27.1031621215201,11.0321388749083,18.0858733078129,3.53184194734956,11.0436296114106,22.4790459818829,10.8261371880017,1.22403934069896,13.96,40.13,25.99,33.28,33.81,12.21,44.14,21.48,29.67,67808.0
2011,PAK,62000000.0,28000000.0,1326000000.0,25000000.0,12235000000.0,12263000000.0,32567930000.0,14.1239485187444,621.0,9637900000.0,4.17973151590558,4.72,8.08496944044884,24.6120130321689,16.7029845091337,11.6512100418024,4.15696352930242,16.7900431014259,44.5540838769731,11.9160927116277,20.1755720429126,4.81,13.94,2.95,17.28,11.45,3.75,24.46,7.95,10.31,-890633.0
2011,POL,4781000000.0,1416000000.0,18851000000.0,3110000000.0,3887000000.0,7768000000.0,138244230000.0,26.1901319662927,757.0,73064170000.0,13.8418815331942,53.86,32.5650241609073,479.25953488303,51.4819989321807,13.5222847027512,4.38728143721106,51.483789287918,56.3641072039439,4.2394014962594,7.77270155089566,62.18,75.53,68.29,72.37,75.51,34.72,81.4,47.83,70.19,45951.0
2011,PSE,-238545633.884464,47915108.2381685,238840690.55525,-677336.498687282,405154287.452352,1141713035.89829,2782470000.0,24.8743529916593,45.0,302470000.0,2.70398083335568,16.72,10.8347942543619,100.341740067957,22.9531168861355,14.7422337182796,1.02737618447542,22.9577173636924,56.6924324955972,2.8772435849594,5.94428906857618,7.99,26.93,10.19,28.67,25.62,12.78,22.08,8.68,19.43,-26662.0
2011,SAS,13028566136.9307,5523767734.61771,40646167618.1236,-4142156218.33221,93784503327.4572,96395627272.8421,1344303104109.59,59.7468264729624,6438.0,757319374634.71,33.6586511796255,6.035,8.03414187928829,24.6120130321689,46.3554566878377,14.8701560621674,6.01891275113273,46.3825690165006,72.7337257685024,10.2502450334266,23.1856067083167,23.9,37.93,24.27,40.17,35.39,27.4,50.48,24.26,32.33,-2034318.0
2011,THA,7175768845.6,2921350000.0,2473685995.7,22895120.7,3529320000.0,5255620000.0,268488820000.0,72.4043289377754,545.0,215271140000.0,58.052929099133,87.31,11.1178851541289,245.975616026938,101.428972425595,21.0888538776388,7.74152006876014,101.452656388961,119.925707350888,3.80879058139634,11.3306802676968,64.53,78.06,72.64,72.7,75.44,63.84,91.05,59.34,72.67,66607.0
2011,TUR,2370000000.0,268000000.0,16182000000.0,-985000000.0,1168000000.0,1883000000.0,197074460000.0,23.4952212945715,263.0,361075930000.0,43.0474800209687,60.25,17.9504996057908,803.525769073457,46.1596915828407,12.8525517114557,4.01504832644044,46.1596915828407,50.6352349030026,6.471879671151,16.3800877315183,47.11,64.59,32.68,82.06,62.05,50.89,65.22,43.75,57.6,68849.0
2011,ZMB,-1400000.0,70413825.16,1108500000.0,24600000.0,46276750.72,46276750.72,3184470000.0,13.5743213898165,20.0,20500000.0,0.0873845847162129,7.03,3.98982111604323,22.7771692755518,10.0119687889206,17.1518702529195,3.19989697582887,10.0450008948228,19.1220235564735,6.4293968107234,7.17902354822773,8.77,29.66,23.34,19.39,25.8,9.21,32.22,12.82,21.36,13569.0
2014,BGD,41769923.686296,32521361.4348432,2539190939.6837,357721288.102773,14963574984.0944,14987531478.7427,68457910000.0,39.5969990649654,517.0,15809430000.0,9.14439229780221,5.77,8.50230517091057,76.9292968168833,43.5129671295367,10.6321815076282,5.58168526462511,43.7361238704853,63.3375540979273,6.99163889220849,14.4338836849165,23.03,36.29,26.45,35.37,35.44,24.9,37.21,20.83,30.99,-889222.0
2014,BRA,20606853865.14,1538775897.25,87713983217.24,11492921645.8,2127744943.22,2647908513.04,843894200000.0,34.3599012775913,351.0,644171360000.0,26.2280086004285,117.93,21.1708614032165,398.377621386564,66.028510394056,24.2732831603592,11.3474043536962,66.028510394056,81.906564014111,6.32904015516139,25.7620070762948,57.23,75.37,64.77,71.69,73.02,59.95,74.79,52.55,68.12,-145732.0
2014,COL,3898941534.05,399081655.550903,16168701714.7497,1823211043.09359,4093206772.32991,4165731073.41833,146745680000.0,38.491592506046,70.0,17216000000.0,4.51578033904703,40.97,15.7121396828327,221.507600480189,42.3582286207544,6.6700607385064,5.9580083293695,42.3846056970013,46.3781588471125,2.89883787761738,15.0327636453349,24.39,48.73,33.95,44.42,42.43,19.62,46.13,28.43,39.0,-67522.0
2014,CRI,424410434.687268,419222829.171868,3242149796.9724,7625086.38778482,558505384.378772,593925384.378772,2551360000.0,4.90491376893806,9.0,121660000.0,0.233887734043414,78.8,22.0041344187277,211.815657348724,52.494259325461,20.2125210576891,4.36844466427643,52.494259325461,52.4568066554807,4.51920098516954,14.3787697855335,56.74,69.76,60.24,69.22,65.54,49.4,73.36,61.6,64.55,1589.0
2014,EAP,163535500352.015,24188813580.829,329530055513.562,50868600252.4604,37211018424.3725,89065943827.0572,7634083598089.58,60.272297591781,5563.0,12575486672365.4,99.2854565108457,22.935,6.84780220115036,299.222310491172,126.727457113042,21.92625148124,17.4922460742051,126.738211691588,170.836000726926,3.14299050879095,8.54711872313277,61.4,73.93,66.97,70.86,70.61,63.72,76.49,60.7,68.92,-528520.0
2014,ECA,13184418674.7466,10863955081.1844,40134442920.0678,2286172844.28484,25095688945.8814,40404149670.2419,255557110000.0,18.6175619182261,533.0,370755120000.0,27.009839026194,46.655,21.343786326003,220.228876614526,48.9452840408641,16.23631311138,6.30701789105853,48.9732251190407,45.9542999267513,3.06881210379543,6.22244292038048,51.1,61.65,56.27,59.07,61.23,35.07,63.91,42.0,57.56,697221.0
2014,EGY,252700000.0,351400000.0,4612200000.0,484900000.0,19570400000.0,19570400000.0,70083650000.0,22.9334760798122,246.0,26440980000.0,8.65228312676056,12.06,4.32763176873513,94.9610496659082,25.6066805392918,29.2880714168568,2.21204888604566,25.6066805392918,75.4426483751864,10.0702154687481,55.030352336,5.46,19.89,9.31,18.76,17.42,8.4,18.86,7.31,14.13,-92801.0
2014,HUN,9231475124.58141,667640135.370871,12880113629.556,-324870579.963653,385231878.342415,4189588428.42515,14513280000.0,10.2906363919056,48.0,7113710000.0,5.04397372664641,57.83,15.4973769386235,532.83240155552,42.5142980243658,34.1896531140894,3.74202411287159,42.5606328384521,57.1997253320994,-0.227566270988219,12.9487554971959,66.57,76.04,72.5,71.98,75.78,44.97,83.53,50.68,72.26,11581.0
2014,IDN,10387533776.9083,4119081643.74152,25120732059.5134,3259252152.57698,8345070844.30339,8551164468.84294,422127050000.0,47.3866252650752,506.0,90721490000.0,10.1841027484954,49.21,17.5854342467378,388.438442392934,32.9313976543609,23.0637781204467,5.74432339947259,33.0063782465258,39.4838502418518,6.39492540819922,4.9173319889006,22.13,45.27,37.46,34.62,36.32,15.78,53.7,35.17,36.06,-27988.0
2014,LAC,34679516307.2418,5604278652.64468,155426220692.256,18534287133.0604,61533246497.8533,63999143850.0784,1615355450000.0,32.3406536306695,936.0,796419820000.0,15.9449349325687,34.26,12.4914890773777,186.559732118683,44.2951840586956,23.9536054714171,8.6894672830469,44.283731332174,57.2039005810394,3.43816659958601,18.6647183475068,40.78,58.73,48.78,54.52,56.35,43.36,56.93,37.53,51.56,-751215.0
2014,LCN,150590890438.18,8084826133.16001,280024163925.839,20764217401.239,63228581234.8566,66029972939.9814,1865040400000.0,35.1154478281856,1254.0,823807690000.0,15.5108575442404,40.17,13.1425168032007,216.661628914457,45.384823309991,21.1954736386259,8.36528263798314,45.9331381114788,58.2687036059684,3.38341272749477,17.8957705675589,41.25,59.18,49.19,55.04,56.69,43.2,57.64,38.18,52.02,-804470.0
2014,LMY,238143978555.021,65834967476.8538,617312749321.979,96503848082.9132,320822899058.185,400605797403.548,12589437333959.2,53.2988414076829,15634.0,14833621215653.7,62.5004055151202,16.54,7.58856246138603,64.9785089077544,83.7555207289321,20.2125210576891,15.2896975628604,83.7746661998399,117.513342662212,3.56179436381993,11.8826538727782,46.68,60.59,50.66,59.36,59.01,46.87,64.3,42.0,54.99,-5250756.0
2014,MIC,237156153431.855,62752229916.7867,603519123024.433,96404652383.8915,310295710706.094,389505379473.887,12589437333959.2,53.2988414076829,15634.0,14833621215653.7,62.5004055151202,24.5,9.85894346335419,112.173510300126,84.5468802688808,20.3437625970559,15.3343829649214,84.5588878993763,114.544976507975,3.53436856147324,11.9596730491982,48.85,62.86,52.88,61.67,61.0,49.68,65.54,44.69,57.26,-3296315.0
2014,NGA,1614294500.0,54615715.5825,4693828631.89583,1044955627.9525,20799005200.0,20999084800.0,62766310000.0,10.9313975768097,188.0,5132910000.0,0.893948998052969,16.19,5.53049153182941,30.6557380252558,13.2902122441457,35.983772509683,3.92421294227136,13.2970053767392,22.6896110241531,8.04741087967907,0.637528905176838,30.51,53.71,34.02,54.36,48.89,28.08,56.03,35.75,44.44,-19376.0
2014,PER,836946471.701333,0.0,4262751633.55747,-79450788.9900001,2636539865.44552,2636539865.44552,78839860000.0,39.2655671247928,211.0,3227690000.0,1.60752541104236,56.73,8.20784612815067,161.303806888642,40.8956285189469,34.2903886971691,12.4567329638043,40.8996268175973,45.0784122840792,3.41194579807465,-11.995302530271,15.72,37.78,22.5,35.66,32.47,12.04,33.14,19.54,28.98,-50383.0
2014,POL,6768000000.0,2183000000.0,20877000000.0,3377000000.0,3669000000.0,7468000000.0,168895630000.0,31.1538434994729,872.0,57794630000.0,10.6605769381359,63.41,32.9972123343536,463.470433454884,52.6221464669352,13.1646819409023,4.25066485654918,52.623549823882,61.9241777936305,0.0538213132399802,9.84887599879545,71.32,82.22,72.96,83.26,80.37,50.67,83.68,63.68,77.86,5525.0
2014,PSE,187455372.110986,36128914.1204803,159711665.338643,-2918735.0500001,355103268.235682,1804542444.53874,3187260000.0,22.7829045655018,48.0,353910000.0,2.52978977390509,22.04,11.1530284730733,112.173510300126,27.3009808144563,12.6061422285654,1.09049149181729,27.3246796047092,57.4389810596367,1.73298510037447,4.49913661064926,15.64,29.97,21.21,27.34,33.45,25.09,23.91,10.58,24.24,-27077.0
2014,ROU,269206756.850865,592768806.76975,3869197075.10542,534835681.817057,2658385266.53904,5083522748.60437,22386840000.0,11.2089825695727,81.0,1550730000.0,0.776443014740509,65.12,30.8104948329984,213.641604384544,31.085760270442,21.9781647532591,5.79071838380503,31.085760270442,39.1194090495661,1.06830987684298,4.43098967626195,44.85,71.46,56.87,65.15,61.95,34.55,72.26,55.03,60.84,-35448.0
2014,SAS,11917055032.8662,8044180133.17898,40326751703.1801,13665913956.4737,111825316069.857,115816281171.273,1778831517024.67,77.5244822958734,6909.0,780382443288.323,30.4132148652204,8.285,8.87460218536447,22.5316437062461,46.4375773027287,11.4694167357851,6.47203538642102,46.4691426658162,72.252469322668,6.82864780544374,22.9212062401734,37.9,52.21,37.49,55.19,50.28,36.34,59.58,36.81,46.49,-3256168.0
2014,THA,5741755222.97855,3620432108.44106,4975455660.4459,-5811449015.5736,4615464578.68417,6524114891.68417,430426610000.0,105.667900084202,613.0,310639820000.0,76.2607531675014,114.21,12.1636095090945,299.222310491172,113.994129533959,19.1887015753434,6.66361179348732,114.014322463571,127.049552300537,1.8951418189878,15.2868242329437,71.36,82.64,75.44,81.24,79.76,73.2,85.36,70.55,78.14,55358.0
2014,TUN,21794450.0,28450675.1881249,1024754443.57725,71921893.1774338,1961329465.29813,2346621114.17085,8743770000.0,17.3929872268739,77.0,887200000.0,1.76480605822003,24.5,18.7073917567288,207.696831117495,59.7678392192062,4.06194229578541,3.11530414077352,59.8085555890782,65.3029596183499,4.62555099534031,7.89160374572911,14.81,35.81,20.7,34.25,30.49,22.52,33.39,18.77,27.43,-26586.0
2014,TUR,7050000000.0,815000000.0,13337000000.0,2559000000.0,1092000000.0,1739000000.0,219762560000.0,23.4055234330481,226.0,369745680000.0,39.3792790614939,79.61,19.3599360676697,825.67406510059,59.6367511552458,16.23631311138,5.46656223125611,59.6367511552458,51.4928366915281,8.85457271364324,10.6830578161013,51.13,59.42,44.46,69.16,61.16,47.51,60.94,41.57,56.68,1033384.0
2017,BGD,126742274.660245,46838244.5116133,1810395803.56746,258081454.046438,13474496432.369,13501933032.7097,86178750000.0,29.3392000067805,572.0,26503040000.0,9.02285066037398,8.36,8.78188429969914,82.7117413089633,40.3027362303916,11.4701873653853,6.76886499116675,40.4489561448676,55.8375416123996,5.70207015717239,12.4365144159946,40.08,56.68,35.84,64.59,53.53,39.84,57.23,40.99,50.05,-1037176.0
2017,BRA,21340512975.24,2238140844.16,68885491315.23,5673535220.19,2300370883.51,2698770651.24,954715100000.0,46.2664487772856,335.0,642502620122.419,31.1363196865386,107.87,19.4612923304483,544.050089405923,59.4843092982775,32.4167709998217,14.8647023427237,59.4843092982775,93.059558109052,3.44637335032669,42.8717618277896,56.63,78.97,67.51,72.85,77.23,62.9,74.39,46.67,70.04,-156296.0
2017,COL,3689564074.544,291727376.352561,13700880445.1998,472082478.841172,5783727159.35704,5818773635.08076,121477230000.0,38.9516295819788,67.0,13865382953.3394,4.44592999701063,42.02,15.5084408743997,242.166233701329,49.7873155419407,5.69740435489455,7.88739431363662,49.8054213986163,49.0241162749341,4.31431325695011,2.71918593878283,35.02,52.89,42.47,49.45,49.63,32.78,53.34,34.27,45.76,431072.0
2017,CRI,272813606.57715,468504811.363687,2924906990.98245,53273626.7696409,527160862.333746,560366619.096707,3010760000.0,4.9751433972405,10.0,55370000.0,0.0914963962272671,64.25,20.4265064804822,252.18098448585,58.5611298914755,19.3074727424909,3.80306697765492,58.5611298914755,46.5754635847343,1.62590692991732,18.0499652344161,58.03,74.34,60.88,75.46,67.91,57.26,73.26,67.65,67.84,1671.0
2017,EAP,164425985615.88,36853707092.8558,239680559407.838,39255960701.3752,48928311494.2545,93347375691.8407,10653914826857.0,72.307616235403,6625.0,17870892144813.9,121.28890008901,26.94,8.15493256315933,311.057442033552,139.870406662865,24.3033232522195,14.1212720294815,139.887989215406,180.626660510845,2.91263557371478,22.2290893249784,60.28,77.73,67.73,73.04,70.92,63.33,80.49,67.53,70.37,-126551.0
2017,ECA,7264197123.04609,6749867466.14976,35721733570.2691,3097815512.38681,23509304355.1889,41857510722.8521,278268070000.0,24.4548545895999,558.0,378130245974.207,31.7061082627011,50.635,19.0784439762747,162.125200415571,50.5358738576313,19.7347219747456,6.44533214403445,50.5671767798894,47.6663109082417,4.60357355778866,5.66515101146063,56.23,71.06,62.32,68.38,68.58,45.54,70.58,50.16,65.14,478993.0
2017,EGY,199000000.0,270800000.0,7408700000.0,224300000.0,24737400000.0,24737400000.0,46546100000.0,18.7411743209606,252.0,14428816885.2011,5.8095731434164,17.71,4.60008311762257,97.6832524874388,27.0698246737254,50.1146859513116,5.72306111855627,27.0698246737254,87.6024678721874,29.5066083940039,52.4338998530269,20.32,41.07,26.99,38.65,39.66,31.69,33.4,14.05,32.78,-80000.0
2017,HUN,-14470143149.4082,673858022.193744,-12371761179.6433,-141835643.7957,386393560.186169,4118123061.03479,31553860000.0,22.0483375093405,41.0,10382730752.3874,7.25495872445545,60.93,14.6670735673873,469.835376144692,32.3983896323025,10.7800443842325,2.49519454988071,32.4413103307043,58.36254594777,2.34824281150154,19.7194334847775,67.67,79.77,72.16,78.16,77.18,55.83,82.77,60.09,74.94,20200.0
2017,IDN,2008271971.8252,5177356261.76192,20510310832.4469,-2537669049.154,8761207215.92975,8989529970.52679,520686680000.0,51.2679273585588,566.0,92513090234.7969,9.10903730026926,55.14,16.6472976703959,412.296206671336,32.4174570125496,20.634741732254,7.08716242011102,32.4706724908157,39.8766339278733,3.80879806953157,5.65673251445569,36.6,57.02,51.35,46.25,49.5,33.6,62.72,46.77,48.86,-29467.0
2017,LAC,31117245643.1335,7480443417.58957,148414880019.279,19645717449.3165,77893060302.9772,81027753218.6055,1713586510000.0,38.1130301891916,938.0,778767782738.395,17.32109808327,38.64,13.8216946785149,199.079915343665,42.3180307137636,24.3678546646823,10.4502829760804,42.3244491437194,61.7847110607537,3.27955694678546,25.2680148814275,41.96,62.75,51.38,57.91,59.59,44.06,60.15,39.34,54.49,-31625.0
2017,LCN,91252755619.6858,10682413103.439,202978254105.581,20125277556.4271,79181319441.3651,82623104477.6773,2026636880000.0,41.8548137655714,1197.0,816859853973.541,17.1169817380775,40.84,13.8216946785149,224.869764087976,44.4123986856447,20.2676571628452,10.1311669991515,44.4979825679893,62.5240710057084,2.19201010962985,24.1838441765378,42.89,63.39,52.13,58.68,60.22,44.4,61.04,40.24,55.24,-773087.0
2017,LMY,227157211343.287,75204052399.5743,514773276082.454,79617406308.7844,348640865144.234,429816855176.893,16868786269937.6,66.300612054784,16265.0,20707686575117.1,82.1728538503751,22.86,7.56160568283542,87.5514855376497,95.1437767180412,20.8574465907323,13.1631486748288,95.1860119902031,126.482574751244,3.66699702675908,21.5060331968532,54.69,68.72,58.64,67.41,66.07,54.71,72.08,52.96,62.98,-3448526.0
2017,MIC,226600406560.953,72521308529.0387,502160945322.633,79657620711.8622,341375142032.254,418110380248.864,16868786269937.6,66.300612054784,16265.0,20707686575117.1,82.1728538503751,28.365,9.8775476399847,143.024676317766,95.9134222242616,20.743754863794,13.1900175845341,95.9434956431856,127.432812247355,3.39697584895255,21.654303249769,56.59,70.6,60.59,69.23,67.68,57.15,72.97,55.3,64.86,-2937093.0
2017,MUS,89229040.0,581452822.992229,479995890.0,3306421211.88143,248880990.145926,250243134.926374,9742920000.0,71.0461635938172,74.0,449585432.590497,3.27841347288303,43.49,18.6219558679044,279.42535747851,98.9536503956755,9.72019695871356,4.07917562657529,98.983708615019,110.40937792651,3.66699702675908,14.7355013322374,86.32,92.19,87.11,92.71,92.42,88.35,90.75,79.44,89.84,-5322.0
2017,NGA,310830719.000951,275345845.078169,2412974916.23264,1360441234.49109,21801687628.3,22037016831.8378,37217620000.0,9.90500142094976,166.0,2206106213.07957,0.587127419091259,16.33,4.38158695646469,21.51230760241,12.7772705336796,40.3768272732483,7.99776517285899,12.8520298076198,24.7814178638797,16.5022662139641,3.23146365861462,24.53,49.72,27.28,51.41,44.01,16.05,59.3,32.6,39.67,78685.0
2017,PER,1421518467.27073,122627493.45756,7413409959.49823,-172395427.610001,3051238954.45586,3051238954.45586,99217960000.0,47.0209506205012,218.0,6338486327.46256,3.00390829051856,107.5,7.71918178076611,150.73364682568,42.4125023309146,33.3117044871821,12.6751056655113,42.4146143080756,47.578142358665,2.99490045809443,-8.38466700514223,27.02,52.98,34.44,50.97,47.05,31.09,44.89,29.37,42.6,114382.0
2017,POL,3934000000.0,6345000000.0,12565000000.0,1468000000.0,3493000000.0,7305000000.0,201392890000.0,38.1168439604765,861.0,68001894912.4385,12.8704524643057,71.87,29.3826073818785,462.244233318308,52.273246275608,11.6837627620806,4.60236894876815,52.27429793934,66.3233735769988,2.0759355367385,13.4622973544147,84.22,88.41,87.96,85.38,90.52,65.5,89.99,62.63,86.73,-21535.0
2017,PSE,-7245083.236035,27462197.6891231,183950642.861711,43000000.0,247815402.732675,2378923436.81488,3891490000.0,24.1287822420635,48.0,469060000.0,2.90835813492063,23.88,13.1993746796245,127.992311364249,41.7224015438988,12.393142335256,0.615717802392961,41.7423779001116,68.1528171690848,0.212570934228881,5.65865327672371,11.98,33.69,15.91,34.44,33.08,18.13,27.93,12.17,25.02,-25452.0
2017,ROU,386332440.218176,389122476.250846,5952909608.10492,-61144311.8438115,3198595007.37032,6555658958.93935,23621180000.0,11.2402920949258,86.0,2351360000.0,1.11890994524087,66.83,26.8112179009383,211.354183711873,26.6684604630278,21.8347728103723,5.16027223807168,26.6684604630278,41.0945970396912,1.3390212110439,4.27174591866378,37.83,71.0,53.59,62.4,58.88,31.86,69.52,51.06,57.75,-33081.0
2017,SAS,11351944691.536,8775459507.23376,46334263754.3824,6152976524.15358,112211541467.949,117313440762.234,2661127068537.81,87.5490853443915,6483.0,1233711888474.54,40.588196141192,10.0,11.11235701521,25.0050875656892,44.5117945688591,12.6463136996552,7.88794543260701,44.5350120601981,69.6683869858566,4.52022867508868,22.3676937360714,65.54,72.07,64.05,74.74,73.21,62.6,77.57,59.95,69.46,-3316163.0
2017,THA,14182025151.4159,4396768857.84787,8285169819.69135,598390518.35961,4659525717.58992,6720117053.70659,548795410000.0,120.255772176784,688.0,339528729671.634,74.3998379338938,117.79,11.5058382885975,318.097148724713,112.084069145579,19.5655012940614,8.78162959167524,112.103623614782,124.04474007571,0.665631893135106,18.3485763959666,77.55,84.29,79.78,83.69,83.17,77.0,86.63,73.34,81.59,66805.0
2017,TUR,2703000000.0,631000000.0,11190000000.0,2971000000.0,752000000.0,1056000000.0,227511820000.0,26.4860148759569,374.0,377303523945.135,43.9241651179345,81.94,17.2906971044204,798.331966319048,65.9372830900335,14.9108166988662,4.78793090461525,65.9372830900335,53.8543290565447,11.1443110840765,8.53716723935502,56.38,76.67,54.29,82.99,71.94,57.44,74.02,55.93,68.59,659846.0
2021,BGD,83184395.3201463,100464837.018003,1723856464.12346,-269202296.707578,22112032448.6232,22205503377.12,108740760000.0,26.1225477511371,660.0,41332840000.0,9.92929501863064,11.45,8.83053292077507,86.077994070304,38.9590765899848,8.48964467051522,6.29023985723133,39.0820163295701,56.6372785923275,5.54565430773473,16.1662839860395,48.65,55.57,43.46,62.86,54.55,46.57,56.63,47.8,52.81,-994722.0
2021,BGR,990510000.0,157230000.0,2335300000.0,-107080000.0,1368890000.0,2010320000.0,17024450000.0,20.1668599459409,206.0,288950000.0,0.342285018392936,89.18,61.1811357206881,415.959874371579,48.0806480905864,27.8752350361345,8.27392646406124,48.1309267521347,90.0968830195414,3.29774435299515,3.43825189874699,73.87,90.69,84.32,83.59,83.54,70.95,88.85,88.62,83.97,11756.0
2021,BRA,16239330119.85,1755081763.44,46440503520.19,7487762025.21,3845137881.02,4102018147.7,815876700000.0,48.8359602673449,381.0,1409724270000.0,84.3819151075546,94.47,17.1964909481549,701.067143084117,68.8052245667195,20.7801530955049,11.1402301211994,68.805224677681,103.465634475882,8.30165975585673,46.52178785101,81.98,85.4,80.87,87.05,85.62,81.28,85.56,79.92,84.04,-208581.0
2021,COL,3180813773.68581,385718084.432186,9561335276.67571,-1189269691.02213,8597245700.56993,8608268970.88542,90541480000.0,28.4252677989683,64.0,7167570000.0,2.25024040603104,40.02,12.6686456195329,253.999065832839,47.8931314522491,5.71504213019645,8.13634445223537,47.9124060650503,54.6261375585987,3.49505757399448,6.18604447427702,47.67,67.74,56.2,63.51,62.58,48.08,64.66,50.0,59.72,199070.0
2021,CRI,446621974.952295,541463307.521034,3592802258.09677,87665086.8952961,558814443.897123,594130696.449927,2041060000.0,3.14199075969613,10.0,32310000.0,0.0497377448217014,64.83,16.28856201058,231.391355779802,55.5581371785144,22.2267003424392,3.13832500450207,55.5581371785144,54.0070701461646,1.72647755109241,30.408044837543,57.23,75.93,61.08,76.34,65.97,51.75,79.97,77.04,68.49,1018.0
2021,ECA,10437704777.7325,8214249404.43498,39317591390.3298,-1298261956.73095,31740459675.0584,55073930946.732,213819080000.0,17.3456511736696,529.0,539214170000.0,46.6708427084994,55.04,16.3984709487917,293.661798669599,47.1280324175724,24.3577014491273,5.90024556194463,47.1686800017504,56.1968494277041,6.91756771076075,12.6135632890365,71.64,81.88,74.86,81.05,78.81,57.83,82.42,72.95,77.79,-142173.0
2021,EGY,367000000.0,442100000.0,5122300000.0,-1486100000.0,31487000000.0,31487000000.0,48731450000.0,11.4750859284717,241.0,20987020000.0,4.94193909441551,27.56,6.39508131575558,112.695987608689,28.2307543894277,46.9269118720521,4.38225643427728,28.2307543894277,87.3864940734796,5.21404940513043,50.5757832718254,20.0,32.39,24.2,30.57,33.79,25.0,30.27,9.74,27.44,6161.0
2021,GHA,119701590.698157,793758532.482941,2533586462.03873,-40424552.4614336,1762011452.35765,1923627452.54426,10487020000.0,13.1871691167953,30.0,27080000.0,0.0340524324052798,11.37,11.1692929390992,51.5402435546602,12.024769747436,35.3671493675933,3.89961475745393,13.0544311231372,31.7346169321872,9.9710886750444,20.8012110597332,54.72,77.2,62.58,74.18,69.67,51.59,80.97,65.22,68.23,-11259.0
2021,HUN,29525196617.725,1000529508.71945,33487981473.6292,-824952768.51107,562659931.992817,3787307882.46851,31571340000.0,17.3364121083684,50.0,8651720000.0,4.75082094602931,59.22,22.4424793949835,429.43105783627,38.3280105342676,29.2961993507106,3.03832220501206,38.6599407513565,72.0480504864625,5.11096534382855,20.3491230514332,81.25,92.85,86.88,89.73,87.66,71.58,92.89,92.49,88.22,20372.0
2021,IDN,3926726201.84403,4343383214.32525,21213080329.8583,3131025823.32857,9164043408.43366,9402427088.85485,578631400000.0,48.7675241386113,766.0,202772060000.0,17.0897938319385,48.09,15.9173180592044,254.914620840176,32.0107062631733,27.5147582134001,6.7851758539302,32.0683276077391,46.3601820363569,1.56012990525673,14.9131035633429,46.93,54.97,52.3,51.18,50.95,40.49,61.89,54.64,51.76,-11248.0
2021,KEN,803333250.593111,8973960.1604371,419719612.932137,-97453935.8455007,3770089638.54769,3770089638.54769,22915780000.0,20.8888019130207,59.0,526690000.0,0.480102491801233,6.94,4.58748945688963,398.628548896237,31.0956151229703,7.22463883898807,4.80083555877845,31.1231240199267,38.9887824596899,6.10793603659176,14.6856278208001,67.45,87.02,75.36,83.24,79.5,61.02,88.21,78.91,79.2,-52552.0
2021,LAC,24978850491.6758,8047682224.89258,121006078779.43,3188835803.28004,126934083375.789,130597973693.017,1500098730000.0,36.6031456629414,957.0,1511963540000.0,37.0250738814561,39.69,12.2265389848338,201.888048201692,44.9040694045233,23.3347418417195,8.44569914112256,44.9103126078997,67.1257661783284,4.26105127422813,27.8714375221454,67.14,76.8,69.32,76.56,75.1,64.17,77.32,66.2,72.95,-273258.0
2021,LCN,85648205559.5574,10874834906.5971,184811049701.158,5993236828.46599,128623695471.63,132599377524.333,1775083250000.0,39.6118757632883,1395.0,1554528280000.0,34.7628642568397,43.26,11.1068942610046,231.391355779802,47.3829419062318,22.2267003424392,8.18395560503903,46.9708431760806,68.8122696020423,3.49505757399448,27.0076945279502,67.93,77.28,70.14,76.97,75.62,64.34,78.09,66.97,73.55,-536658.0
2021,LMY,275436744643.546,84114528190.8831,728976003638.557,69216301239.9187,462611194836.566,555444299691.661,25114755900000.0,77.80018204245,21934.0,46753916330865.8,145.247647247487,28.06,8.45937989806989,147.500763240824,116.359574303394,22.6628544738015,10.3517426339448,116.406026499151,141.86154673138,4.22278962033194,28.5623505068731,66.55,74.59,68.47,74.2,74.22,64.76,78.99,61.87,71.38,-2708744.0
2021,MIC,274779527417.3,81540659138.4203,711445868588.584,69158920823.3421,454314683996.783,539134791892.829,25111183350000.0,77.8157982972721,21929.0,46753910750865.8,145.297595262698,33.72,9.47718168678521,163.407882377594,117.221474683128,24.0468453311745,10.3675959607473,117.250611099472,142.480572411166,4.08852737513983,28.7343535553881,67.68,75.49,69.57,75.07,75.09,66.22,79.29,63.05,72.37,-2031927.0
2021,MUS,85573930.0,1357599987.53641,253189250.0,9606937070.49171,271511378.287203,272474595.808307,8933780000.0,77.790914492215,91.0,306480000.0,2.66867546252248,42.52,15.061881598454,248.274751455271,86.4076578712847,18.0194419501786,6.90142502576087,86.4359988784567,159.949073381039,4.02852888157383,22.2145497584766,90.55,90.51,89.4,91.74,92.32,85.18,93.74,83.62,90.53,-4324.0
2021,NAM,17846672.874748,93747499.2763977,840286915.80155,2745193.06680017,56707651.5938586,72291500.1467872,2388250000.0,19.2562197984981,14.0,28250000.0,0.227776911674896,72.95,9.47905469662378,340.260271299219,58.1907291880646,4.71837501642667,4.53443042152423,58.2529887708226,72.6054018222941,3.61690530108814,30.4471170851289,56.38,81.31,69.31,73.67,79.17,61.29,78.08,55.61,71.35,31327.0
2021,NGA,1817909994.50162,82545294.2181415,3313210000.0,71602136.4597128,19241173752.3119,19483402058.9106,148300380000.0,33.6408948709272,174.0,1793850000.0,0.406922216006545,16.15,4.2411550331707,35.1673138139344,12.1974489708126,64.5406819698937,6.23022689363278,13.4494491647875,25.2414301100672,16.9528457221608,7.84743849164245,32.69,53.68,34.96,55.45,50.87,25.8,65.2,34.88,45.32,-86115.0
2021,PAK,242000000.0,231000000.0,2147000000.0,-359000000.0,31074000000.0,31312000000.0,43096600000.0,12.3657220726544,455.0,20860240000.0,5.98543574687723,11.11,10.4692959746931,25.3700502423412,15.2943429989133,14.5092857047944,3.35726367831547,15.3401397751102,51.2623868410964,9.49621056124947,33.4119797918376,17.61,23.21,13.48,28.18,22.54,15.31,35.3,18.1,20.98,-565673.0
2021,PER,1968918024.00321,173395525.600227,7142277305.62547,-154293349.871041,3607625053.86272,3607625053.86272,78025830000.0,34.47066721804,189.0,2117500000.0,0.935480440697648,117.24,5.40700212008432,147.500763240824,47.1261106650855,30.657733510057,12.1241757114585,47.1261157121471,60.5471801322951,4.27166381536798,-7.28001635577649,45.54,65.4,53.03,62.32,60.85,40.93,61.62,46.62,57.5,41868.0
2021,POL,10220000000.0,9418000000.0,37512000000.0,606000000.0,3110000000.0,7929000000.0,197389020000.0,28.6415476491829,787.0,78487800000.0,11.3887391688734,66.82,23.2613779081144,458.651922544589,45.7269873808856,18.9324176086231,4.78077058564325,45.7278891219221,74.5745848797566,5.05502704719272,14.580588972158,93.92,96.92,95.69,95.75,95.52,71.31,96.35,98.05,95.72,2251.0
2021,PSE,57954361.3452696,32247853.7504225,353477054.949858,169086114.180595,254035623.041487,3760462368.10567,4407120000.0,24.3366281959247,47.0,418670000.0,2.31194433706997,23.24,13.0836361427438,155.510943406111,47.3178079179414,13.1405299038337,1.02275812512689,47.3295160416368,85.4532888530013,1.23748102831369,11.8443367827047,17.44,44.4,25.93,41.44,42.39,30.5,34.56,18.29,33.64,-12369.0
2021,ROU,1339047342.96061,642167674.33919,11768726824.985,-146186541.441153,4580634164.28632,9115773922.13879,32288880000.0,11.2670399943839,80.0,2169860000.0,0.757161580154339,62.72,21.7905654511612,235.538761922223,26.3497446247742,17.1986190200411,4.27804925461278,26.3497446247742,47.3396121463597,5.05232876096582,9.13531733357668,57.12,77.1,65.74,72.68,68.7,37.49,76.13,71.92,69.12,-17731.0
2021,THA,19409795798.3457,7583522641.96769,15389597696.2421,-1962658622.16602,7930847507.96529,9064843602.60467,598908320000.0,118.301360426251,776.0,597944480000.0,118.110974720417,108.14,9.37170450853131,385.142388287499,126.759860307097,19.6316110989166,8.97590278081582,126.780296254268,148.632994137471,1.23039541318384,33.2869048151979,97.68,94.15,92.7,98.61,95.18,93.47,97.31,97.0,95.58,-2093.0
2021,TUN,16001723.3730628,31505959.3398352,547411353.644915,-33958120.8009309,2644320099.59242,2967211621.11079,8079990000.0,17.2604031446833,80.0,572880000.0,1.22378118704678,33.22,21.8851082862125,245.956685515013,64.9651421270866,6.50149757381166,5.30936676331016,65.0280087666917,77.4035270174536,5.706350208307,12.0531331006056,32.02,40.07,28.75,45.14,39.97,29.26,43.5,24.34,36.85,-9190.0
2021,TUR,6451000000.0,631000000.0,12895000000.0,-1434000000.0,538000000.0,726000000.0,138395240000.0,16.8802427463409,379.0,538193500000.0,65.6441429958345,80.37,15.1516339839844,880.970947021386,66.0703005114697,21.8581338474172,4.45898866581648,66.0703005114697,71.6054681968061,19.5964926913324,20.6373256925092,61.37,82.53,62.55,85.34,74.46,61.54,81.75,72.74,74.09,20283.0
2021,ZMB,-280081939.653223,122331951.706984,394217415.177069,283259.0,239709361.210131,239709361.210131,4034770000.0,18.259838291498,22.0,68570000.0,0.310321805616681,8.81,2.77863485036237,32.4744576027839,8.49521203441011,34.4014657986426,3.51108126321394,8.51664401392603,24.3311828486537,22.0207676245777,22.3164870476341,32.91,58.91,44.98,52.48,51.11,33.02,67.18,44.51,48.52,8143.0
